"","season","first_cycling_team_id","team_name","uci_division_name"
"1",2024,28019,"Alpecin-Deceuninck","UCI Men's World Tour"
"2",2024,27967,"ARKEA-B&amp;B HOTELS","UCI Men's World Tour"
"3",2024,28055,"Astana Qazaqstan Team","UCI Men's World Tour"
"4",2024,28325,"Bahrain Victorious","UCI Men's World Tour"
"5",2024,22247,"BORA-hansgrohe","UCI Men's World Tour"
"6",2024,31944,"Cofidis","UCI Men's World Tour"
"7",2024,23295,"Decathlon AG2R La Mondiale Team","UCI Men's World Tour"
"8",2024,32813,"EF Education-EasyPost","UCI Men's World Tour"
"9",2024,21816,"Groupama-FDJ","UCI Men's World Tour"
"10",2024,28581,"INEOS Grenadiers","UCI Men's World Tour"
"11",2024,27899,"Intermarché-Wanty","UCI Men's World Tour"
"12",2024,25887,"Lidl-Trek","UCI Men's World Tour"
"13",2024,28077,"Movistar Team","UCI Men's World Tour"
"14",2024,26329,"Soudal Quick-Step","UCI Men's World Tour"
"15",2024,21835,"Team dsm-firmenich PostNL","UCI Men's World Tour"
"16",2024,28999,"Team Jayco-AlUla","UCI Men's World Tour"
"17",2024,24737,"Team Visma | Lease a Bike","UCI Men's World Tour"
"18",2024,21841,"UAE Team Emirates","UCI Men's World Tour"
"19",2024,32899,"Bingoal WB","UCI Men's Pro Conti"
"20",2024,31611,"Burgos-BH","UCI Men's Pro Conti"
"21",2024,32764,"Caja Rural-Seguros RGA","UCI Men's Pro Conti"
"22",2024,32170,"Equipo Kern Pharma","UCI Men's Pro Conti"
"23",2024,31866,"Euskaltel-Euskadi","UCI Men's Pro Conti"
"24",2024,27923,"Israel-Premier Tech","UCI Men's Pro Conti"
"25",2024,27882,"Lotto Dstny","UCI Men's Pro Conti"
"26",2024,33681,"Q36.5 Pro Cycling Team","UCI Men's Pro Conti"
"27",2024,39513,"TdT-Unibet","UCI Men's Pro Conti"
"28",2024,34139,"Team corratec - Vini Fantini","UCI Men's Pro Conti"
"29",2024,32900,"Team Flanders-Baloise","UCI Men's Pro Conti"
"30",2024,39346,"Team Novo Nordisk","UCI Men's Pro Conti"
"31",2024,31485,"Team Polti Kometa","UCI Men's Pro Conti"
"32",2024,31901,"TotalEnergies","UCI Men's Pro Conti"
"33",2024,34245,"Tudor Pro Cycling Team","UCI Men's Pro Conti"
"34",2024,27165,"Uno-X Mobility","UCI Men's Pro Conti"
"35",2024,32811,"VF Group-Bardiani CSF-Faizanè","UCI Men's Pro Conti"
"36",2024,39529,"ABTF Betão - Feirense","Men's Conti"
"37",2024,40912,"Adria Mobil","Men's Conti"
"38",2024,40513,"Airtox - Carl Ras","Men's Conti"
"39",2024,39676,"Aisan Racing Team","Men's Conti"
"40",2024,40816,"Albiono Pro Cycling","Men's Conti"
"41",2024,41006,"Almaty Astana Motors","Men's Conti"
"42",2024,38374,"Alpecin-Deceuninck Development Team","Men's Conti"
"43",2024,39619,"AP Hotels &amp; Resorts - Tavira - SC Farense","Men's Conti"
"44",2024,40713,"ARA | Skip Capital","Men's Conti"
"45",2024,38991,"ARKEA-B&amp;B HOTELS Development Team","Men's Conti"
"46",2024,40466,"Astana Qazaqstan Development Team","Men's Conti"
"47",2024,40286,"ATT Investments","Men's Conti"
"48",2024,40623,"Aviludo - Louletano - Loulé Concelho","Men's Conti"
"49",2024,39226,"BEAT Cycling Club","Men's Conti"
"50",2024,40484,"Beltrami TSA-Tre Colli","Men's Conti"
"51",2024,40624,"Beykoz Belediyesi Spor Kulübü","Men's Conti"
"52",2024,39440,"BHS-PL Beton Bornholm","Men's Conti"
"53",2024,39336,"Biesse-Carrera","Men's Conti"
"54",2024,39791,"BIKE AID","Men's Conti"
"55",2024,39790,"Bingoal WB Devo Team","Men's Conti"
"56",2024,41007,"Bodywrap LTWOO Cycling Team","Men's Conti"
"57",2024,40781,"Canels-ZeroUno","Men's Conti"
"58",2024,40739,"CCACHE x Par Küp","Men's Conti"
"59",2024,41008,"Chengdu Cycling Team","Men's Conti"
"60",2024,40927,"Chimbas te Quiero","Men's Conti"
"61",2024,40892,"China Glory-Mentech Continental Cycling Team","Men's Conti"
"62",2024,33041,"CIC U Nantes Atlantique","Men's Conti"
"63",2024,40788,"Colombia Potencia de la Vida","Men's Conti"
"64",2024,39543,"Credibom - LA Alumínios - Marcos Car","Men's Conti"
"65",2024,39324,"CTF Victorious","Men's Conti"
"66",2024,38702,"Decathlon AG2R La Mondiale Development Team","Men's Conti"
"67",2024,32682,"Development Team dsm-firmenich PostNL","Men's Conti"
"68",2024,40727,"Diftar Continental Cycling Team","Men's Conti"
"69",2024,40459,"Dukla Banská Bystrica","Men's Conti"
"70",2024,40981,"EC Municipalidad de Pocito","Men's Conti"
"71",2024,39433,"Efapel Cycling","Men's Conti"
"72",2024,40304,"Elkov-Kasper","Men's Conti"
"73",2024,41134,"Epronex-Hungary Cycling Team","Men's Conti"
"74",2024,39305,"EuroCyclingTrips","Men's Conti"
"75",2024,40711,"Ferei Quick-Panda Podium Mongolia Team","Men's Conti"
"76",2024,40374,"Gallina Ecotek Lucchini","Men's Conti"
"77",2024,39361,"General Store-Essegibi-F.Ili Curia","Men's Conti"
"78",2024,41034,"Geumsan Insam Cello","Men's Conti"
"79",2024,41009,"Giant Cycling Team","Men's Conti"
"80",2024,40257,"Global 6 United","Men's Conti"
"81",2024,41010,"Grant Thornton Cycling Team","Men's Conti"
"82",2024,32914,"Groupama-FDJ Conti","Men's Conti"
"83",2024,40787,"GW Erco Shimano","Men's Conti"
"84",2024,32781,"Hagens Berman Axeon - Jayco","Men's Conti"
"85",2024,41012,"Hebei Continental Team","Men's Conti"
"86",2024,40820,"Hengxiang Cycling Team","Men's Conti"
"87",2024,40725,"Hrinkow Advarics","Men's Conti"
"88",2024,40229,"Huansheng -SCOM - Taishan Sport Team","Men's Conti"
"89",2024,40605,"Hustle Pro Cycling","Men's Conti"
"90",2024,40792,"Illes Balears-Arabay Cycling","Men's Conti"
"91",2024,39270,"Israel Premier Tech Academy","Men's Conti"
"92",2024,39806,"Java-Inovotec","Men's Conti"
"93",2024,39675,"JCL Team UKYO","Men's Conti"
"94",2024,40729,"Kamen Pazin - Cabo de Peñas","Men's Conti"
"95",2024,39527,"Kelly - Simoldes - UDO","Men's Conti"
"96",2024,39807,"KINAN Racing Team","Men's Conti"
"97",2024,41089,"Konya Buyuksehir Belediye SK","Men's Conti"
"98",2024,40696,"Levante Fuji Shizuoka","Men's Conti"
"99",2024,40627,"Li Ning Star","Men's Conti"
"100",2024,39310,"Lidl-Trek Future Racing","Men's Conti"
"101",2024,41017,"Lillehammer CK","Men's Conti"
"102",2024,40714,"Ljubljana Gusto Santic","Men's Conti"
"103",2024,39200,"Lotto Dstny Development Team","Men's Conti"
"104",2024,40722,"Lubelskie Perla Polski","Men's Conti"
"105",2024,40631,"Malaysia Pro Cycling","Men's Conti"
"106",2024,40728,"Maloja Pushbikers","Men's Conti"
"107",2024,41035,"Matrix Powertag","Men's Conti"
"108",2024,40798,"May Stars","Men's Conti"
"109",2024,40630,"Mazowsze Serce Polski","Men's Conti"
"110",2024,40440,"Mentorise Elite Team","Men's Conti"
"111",2024,39424,"Metec-SOLARWATT pb Mantel","Men's Conti"
"112",2024,40478,"MG.K vis Colors for Peace VPM","Men's Conti"
"113",2024,40740,"MitoQ-NZ Cycling Project","Men's Conti"
"114",2024,40953,"Motala AIF Serneke Allebike","Men's Conti"
"115",2024,40601,"Movistar-Best PC","Men's Conti"
"116",2024,40928,"Municipalidad de Rawson","Men's Conti"
"117",2024,40254,"MYVELO Pro Cycling Team","Men's Conti"
"118",2024,39044,"Nice Métropole Côte d'Azur","Men's Conti"
"119",2024,40210,"Novapor Speedbike","Men's Conti"
"120",2024,40715,"Nu Colombia","Men's Conti"
"121",2024,40785,"Nusantara Cycling Team","Men's Conti"
"122",2024,40786,"Orgullo Paisa","Men's Conti"
"123",2024,40625,"P&amp;S Metalltechnik Benotti","Men's Conti"
"124",2024,40784,"Panamá es Cultura y Valores","Men's Conti"
"125",2024,40358,"Parkhotel Valkenburg","Men's Conti"
"126",2024,39263,"Philippe Wagner-Bazin","Men's Conti"
"127",2024,41019,"Plus Performance","Men's Conti"
"128",2024,40724,"Project Echelon Racing","Men's Conti"
"129",2024,41020,"Q36.5 Continental Cycling Team","Men's Conti"
"130",2024,40250,"Rad-Net Osswald","Men's Conti"
"131",2024,33212,"Radio Popular-Paredes-Boavista","Men's Conti"
"132",2024,39808,"REMBE Pro Cycling Team Sauerland","Men's Conti"
"133",2024,40270,"Rime","Men's Conti"
"134",2024,40233,"Roojai Online Insurance","Men's Conti"
"135",2024,40380,"RRK Group-Pierre Baguette-Benzinol","Men's Conti"
"136",2024,34140,"Sabgal - Anicolor Cycling Team","Men's Conti"
"137",2024,39489,"Saint Michel-Mavic-Auber 93","Men's Conti"
"138",2024,39521,"Saint Piran","Men's Conti"
"139",2024,41090,"Sakarya BB Pro Team","Men's Conti"
"140",2024,40319,"Santic-Wibatech","Men's Conti"
"141",2024,40719,"Sava Kranj Cycling","Men's Conti"
"142",2024,40782,"SEP San Juan","Men's Conti"
"143",2024,40773,"Shimano Racing","Men's Conti"
"144",2024,40473,"Sidi Ali-Unlock Team","Men's Conti"
"145",2024,39316,"Soudal Quick-Step Devo Team","Men's Conti"
"146",2024,40818,"Sparkle Oita Racing Team","Men's Conti"
"147",2024,41088,"Spor Toto Cycling Team","Men's Conti"
"148",2024,40737,"St George Continental Cycling Team","Men's Conti"
"149",2024,41021,"Stamina Racing","Men's Conti"
"150",2024,41070,"SuezCanalDiscovery","Men's Conti"
"151",2024,40783,"SwiftCarbon Pro Cycling","Men's Conti"
"152",2024,39259,"Tarteletto-Isorex","Men's Conti"
"153",2024,41022,"Tashkent City Professional Cycling Team","Men's Conti"
"154",2024,39744,"Tavfer - Ovos Matinados - Mortágua ","Men's Conti"
"155",2024,40720,"Team Banco Guayaquil","Men's Conti"
"156",2024,40712,"Team BridgeLane","Men's Conti"
"157",2024,40756,"Team Bridgestone Cycling","Men's Conti"
"158",2024,39236,"Team Coloquick","Men's Conti"
"159",2024,39189,"Team Coop-Repsol","Men's Conti"
"160",2024,39740,"Team Felt-Felbermayr","Men's Conti"
"161",2024,40298,"Team Lotto-Kern Haus","Men's Conti"
"162",2024,40600,"Team Madar","Men's Conti"
"163",2024,39315,"Team MBH Bank - Colpack Ballan CSB","Men's Conti"
"164",2024,40483,"Team Medellin-EPM","Men's Conti"
"165",2024,41023,"Team Novo Nordisk Development","Men's Conti"
"166",2024,40382,"Team Petrolike - Androni Giocatolli Sidermec","Men's Conti"
"167",2024,41371,"Team Saitel","Men's Conti"
"168",2024,40522,"Team Sistecredito-GW","Men's Conti"
"169",2024,40519,"Team Skyline","Men's Conti"
"170",2024,40251,"Team Storck-Metropol Cycling","Men's Conti"
"171",2024,40477,"Team Technipes #InEmiliaRomagna","Men's Conti"
"172",2024,31868,"Team Visma | Lease a Bike Development","Men's Conti"
"173",2024,40516,"Team Vorarlberg","Men's Conti"
"174",2024,41024,"Terengganu Cycling Team","Men's Conti"
"175",2024,41025,"Thailand Continental Cycling Team","Men's Conti"
"176",2024,41026,"Tianyoude Hotel Cycling Team","Men's Conti"
"177",2024,39778,"Tirol KTM Cycling Team","Men's Conti"
"178",2024,40626,"Trinity Racing","Men's Conti"
"179",2024,39377,"Tudor Pro Cycling Team U23","Men's Conti"
"180",2024,40721,"Tufo-Pardus Prostejov","Men's Conti"
"181",2024,40525,"UAE Gen Z","Men's Conti"
"182",2024,40738,"Universe Cycling Team","Men's Conti"
"183",2024,32662,"Uno-X Mobility Development Team","Men's Conti"
"184",2024,39677,"Utsunomiya Blitzen","Men's Conti"
"185",2024,39694,"Van Rysel-Roubaix","Men's Conti"
"186",2024,40699,"VC Fukuoka","Men's Conti"
"187",2024,40700,"Velolien Matsuyama","Men's Conti"
"188",2024,40698,"Victoire Hiroshima","Men's Conti"
"189",2024,40437,"Victoria Sports Cycling Team","Men's Conti"
"190",2024,40439,"Vini Monzon-Savini Due-OMZ","Men's Conti"
"191",2024,41027,"Vino SKO Team","Men's Conti"
"192",2024,39609,"VolkerWessels Cycling Team","Men's Conti"
"193",2024,40710,"Voltas - Tartu 2024 by CCN","Men's Conti"
"194",2024,40723,"Voster ATS Team","Men's Conti"
"195",2024,32920,"Wanty-ReUz-Technord","Men's Conti"
"196",2024,40436,"Work Service-Vitalcare-Dynatek","Men's Conti"
"197",2024,40726,"WSA KTM Graz p/b Leomo","Men's Conti"
"198",2024,40256,"XSpeed United Continental","Men's Conti"
"199",2024,40269,"Zalf Euromobil Désirée Fior","Men's Conti"
"200",2024,41388," Antalyaspor Kulubu","Men's Junior"
"201",2024,41234," PCE Teno","Men's Junior"
"202",2024,41335,"!speed Felt","Men's Junior"
"203",2024,40801,"33 Bike Mobel Proteam","Men's Junior"
"204",2024,41256,"3xtreme NL","Men's Junior"
"205",2024,40873,"501 Valvoline","Men's Junior"
"206",2024,40943,"7C-Economy Lacoinex","Men's Junior"
"207",2024,40908,"A.C.Gamu","Men's Junior"
"208",2024,41166,"A.D.Alex Jimenez Cyc","Men's Junior"
"209",2024,41351,"A13 Academy","Men's Junior"
"210",2024,41257,"ABH Team","Men's Junior"
"211",2024,41071,"Abu Dhabi Cycling Club","Men's Junior"
"212",2024,39539,"AC Bisontine","Men's Junior"
"213",2024,41241,"ACCPTFE","Men's Junior"
"214",2024,41183,"Active Performance CA","Men's Junior"
"215",2024,41389,"Adana Genclik VE SK","Men's Junior"
"216",2024,41111,"Adelaide MBC","Men's Junior"
"217",2024,40297,"Aevolo","Men's Junior"
"218",2024,41258,"Airwerks Racing","Men's Junior"
"219",2024,41298,"Aki Rising Bicycle Team","Men's Junior"
"220",2024,41073,"Al Wathba Cycling Team","Men's Junior"
"221",2024,41076,"Al-Fateh Sports Club","Men's Junior"
"222",2024,41347,"Aladam","Men's Junior"
"223",2024,41390,"Alanyaspor Kulubu","Men's Junior"
"224",2024,41063,"Alas Rojas de Santa Lucia","Men's Junior"
"225",2024,41358,"All Cycling Team","Men's Junior"
"226",2024,41078,"All Human-VeloRevolution","Men's Junior"
"227",2024,40993,"All India Police","Men's Junior"
"228",2024,40874,"Alliance  United","Men's Junior"
"229",2024,41112,"Alpine Cycling Club","Men's Junior"
"230",2024,41190,"amino VITAL - LAS Racing","Men's Junior"
"231",2024,41057,"Aminorip","Men's Junior"
"232",2024,41217,"Amman Club","Men's Junior"
"233",2024,40505,"Angoulême VC U19","Men's Junior"
"234",2024,41325,"ARAKAWA Pista stile","Men's Junior"
"235",2024,39746,"Aran Cucine Vejus","Men's Junior"
"236",2024,40733,"Aranako-Sima-Cepial","Men's Junior"
"237",2024,40515,"ARBÖ MiKo PV ON-Fahrrad","Men's Junior"
"238",2024,41352,"ARCVTPN 972 du Marin","Men's Junior"
"239",2024,41065,"Armonia CC","Men's Junior"
"240",2024,41247,"Arrecifas","Men's Junior"
"241",2024,41286,"ARTIFACT Racing Team","Men's Junior"
"242",2024,39747,"Arvedi Cycling ASD","Men's Junior"
"243",2024,39749,"ASD Cattoli Andrea","Men's Junior"
"244",2024,39750,"ASD Garlaschese","Men's Junior"
"245",2024,39751,"ASD SC Reda Mokador","Men's Junior"
"246",2024,41319,"ASMIC","Men's Junior"
"247",2024,39743,"ASPTT Nancy","Men's Junior"
"248",2024,41140,"Atenas de Soriano","Men's Junior"
"249",2024,41141,"Ateneo de Piriapolis","Men's Junior"
"250",2024,40921,"Audax de Flores","Men's Junior"
"251",2024,40262,"AVC Aix-en-Provence","Men's Junior"
"252",2024,40804,"Avenir Cycling Yamanashi","Men's Junior"
"253",2024,40879,"Avimosa-Chozas Team","Men's Junior"
"254",2024,40511,"Avinal GW El Carmen Viboral","Men's Junior"
"255",2024,40869,"Balmoral Cycling Club","Men's Junior"
"256",2024,40271,"Basso Team Flanders","Men's Junior"
"257",2024,40918,"Beaupréau V.S.","Men's Junior"
"258",2024,40805,"Bellmare Racing Team","Men's Junior"
"259",2024,40825,"Bendigo &amp; District CC","Men's Junior"
"260",2024,40881,"Bendigo District C.C-Junior","Men's Junior"
"261",2024,41054,"Best Buddies Racing","Men's Junior"
"262",2024,40755,"Béziers Méditerranée Cyclisme","Men's Junior"
"263",2024,40923,"Bialini Gomola CCN","Men's Junior"
"264",2024,40976,"Bicipan","Men's Junior"
"265",2024,41338,"Big Orange Cycling","Men's Junior"
"266",2024,40997,"Bihar","Men's Junior"
"267",2024,40602,"BIKE AID Development","Men's Junior"
"268",2024,41250,"Bike Zone Nuevo Leon","Men's Junior"
"269",2024,40959,"Bingo Shimanami eNShare","Men's Junior"
"270",2024,40857,"Blackburn CC","Men's Junior"
"271",2024,40882,"Blackburn CC U19","Men's Junior"
"272",2024,40835,"Blackshaw Racing","Men's Junior"
"273",2024,41294,"Bonne Chance ACA","Men's Junior"
"274",2024,39410,"Bourg-en-Bresse Ain Cyclisme","Men's Junior"
"275",2024,40970,"Boyaca Avanza","Men's Junior"
"276",2024,41222,"Boyacá es para Vivirla","Men's Junior"
"277",2024,41244,"Bragado Cycles Club","Men's Junior"
"278",2024,41300,"Brezza - Kamihagi","Men's Junior"
"279",2024,40364,"Brocar-Ale","Men's Junior"
"280",2024,40510,"Brocoli Mecánico-Sakata","Men's Junior"
"281",2024,41339,"Bros Ride Bike","Men's Junior"
"282",2024,40841,"Brunswick C.C.","Men's Junior"
"283",2024,41332,"ButcherBox Cycling","Men's Junior"
"284",2024,41137,"C.A,Peñarol de Colonia","Men's Junior"
"285",2024,41139,"C.A.Sarandi de Colonia","Men's Junior"
"286",2024,41138,"C.A.Sarandi de Colonia","Men's Junior"
"287",2024,40902,"C.C. Ñielol","Men's Junior"
"288",2024,41173,"C.C.Algar","Men's Junior"
"289",2024,40963,"C.C.Astorga","Men's Junior"
"290",2024,40972,"C.C.Catral-Telfy","Men's Junior"
"291",2024,40919,"C.C.Cerro Largo","Men's Junior"
"292",2024,41248,"C.C.Ciutat de Reus","Men's Junior"
"293",2024,41149,"C.C.Douglas Gilles","Men's Junior"
"294",2024,40920,"C.C.Fenix","Men's Junior"
"295",2024,41185,"C.C.Gemburi","Men's Junior"
"296",2024,40701,"C.C.Le Boulou","Men's Junior"
"297",2024,41142,"C.C.Los Magos","Men's Junior"
"298",2024,40899,"C.C.Melipulli","Men's Junior"
"299",2024,41144,"C.C.Minas","Men's Junior"
"300",2024,41272,"C.C.Oscense","Men's Junior"
"301",2024,40897,"C.C.Patagonia Austral","Men's Junior"
"302",2024,41368,"C.C.Pedal Sports","Men's Junior"
"303",2024,41168,"C.C.Pego i les Valls","Men's Junior"
"304",2024,39545,"C.C.Périgueux-Dordogne","Men's Junior"
"305",2024,41039,"C.C.Polop","Men's Junior"
"306",2024,41038,"C.C.Polop","Men's Junior"
"307",2024,40910,"C.C.Puerto Varas","Men's Junior"
"308",2024,41132,"C.C.Puig Campana del Finestrat","Men's Junior"
"309",2024,41145,"C.C.Rodriguez","Men's Junior"
"310",2024,41263,"C.C.Vauclinois","Men's Junior"
"311",2024,41015,"C.D.Montiz","Men's Junior"
"312",2024,41014,"C.D.Montiz","Men's Junior"
"313",2024,41228,"C.D.R-Telecom","Men's Junior"
"314",2024,41082,"C.D.Seven Pro Cycling","Men's Junior"
"315",2024,41045,"C.D.Yourbike-ULB-Sport","Men's Junior"
"316",2024,41083,"C.D.Z2 Bike","Men's Junior"
"317",2024,41018,"C.E.Triasport","Men's Junior"
"318",2024,41199,"C.S.Progreso Canelones","Men's Junior"
"319",2024,40321,"Caja Rural-Alea","Men's Junior"
"320",2024,40854,"Camden C.C","Men's Junior"
"321",2024,40800,"Camimpeg-Carbomart DT","Men's Junior"
"322",2024,40938,"Caminos de Omar","Men's Junior"
"323",2024,40503,"Campana Imballaggi Geo&amp;Tex Trentino","Men's Junior"
"324",2024,40877,"Canberra C.C","Men's Junior"
"325",2024,40891,"Capacho Darias","Men's Junior"
"326",2024,40682,"Carabobo Team","Men's Junior"
"327",2024,40945,"Carithos CT","Men's Junior"
"328",2024,40827,"Carnegie Caulfield Cycling Club","Men's Junior"
"329",2024,40432,"CC Bourg-Blanc","Men's Junior"
"330",2024,39352,"CC Etupes","Men's Junior"
"331",2024,40431,"CC Mainsat Evaux","Men's Junior"
"332",2024,39354,"CC Nogent-sur-Oise","Men's Junior"
"333",2024,37054,"CC Plancoëtin","Men's Junior"
"334",2024,40429,"CC Varennes-Vauzelles","Men's Junior"
"335",2024,39477,"CC Villeneuve Saint-Germain","Men's Junior"
"336",2024,41147,"CCS Barrio Artigas de 33","Men's Junior"
"337",2024,41079,"CEC Lleida","Men's Junior"
"338",2024,41273,"Central Gauteng","Men's Junior"
"339",2024,41046,"Cermec Sporade Campionisimo","Men's Junior"
"340",2024,40995,"Chandigarh","Men's Junior"
"341",2024,39435,"Charvieu-Chavagneux IC","Men's Junior"
"342",2024,40683,"Ciclismo de Politachira","Men's Junior"
"343",2024,41363,"Ciclismo Las Rastras","Men's Junior"
"344",2024,40898,"Ciclismo Rio Cruces","Men's Junior"
"345",2024,40617,"Ciclismo Tupungato","Men's Junior"
"346",2024,40944,"Ciclo Cafe Mena","Men's Junior"
"347",2024,41218,"Ciclo.com","Men's Junior"
"348",2024,41041,"Ciclos Sabater","Men's Junior"
"349",2024,40817,"Ciel Bleu Kanoya","Men's Junior"
"350",2024,40935,"City Bikes Miami","Men's Junior"
"351",2024,41050,"City Bikes Team","Men's Junior"
"352",2024,40427,"CL Barlin","Men's Junior"
"353",2024,40821,"CLN Wiawis","Men's Junior"
"354",2024,41219,"Club Al-Ittifaq","Men's Junior"
"355",2024,41220,"Club Bahlaa","Men's Junior"
"356",2024,41143,"Club Matadero Pando","Men's Junior"
"357",2024,41146,"Club San Isidro ","Men's Junior"
"358",2024,41047,"Club Uptaiet-Inv.Alexander","Men's Junior"
"359",2024,40922,"CNP Bocas del Cufré","Men's Junior"
"360",2024,41253,"Complejo Bike","Men's Junior"
"361",2024,40968,"Construzea","Men's Junior"
"362",2024,41251,"Continental","Men's Junior"
"363",2024,40802,"Controlpack-Badia","Men's Junior"
"364",2024,41226,"Corp.Plateado","Men's Junior"
"365",2024,40746,"Couplands Booths Group","Men's Junior"
"366",2024,41288,"Cow Gumma","Men's Junior"
"367",2024,41305,"CR3W","Men's Junior"
"368",2024,39481,"CR4C Roanne","Men's Junior"
"369",2024,40259,"Crabbe-Dstny","Men's Junior"
"370",2024,40753,"CRC Limoges 87","Men's Junior"
"371",2024,41366,"CRC Team","Men's Junior"
"372",2024,39540,"Cre'Actuel-Marie Morin-U 22","Men's Junior"
"373",2024,40836,"Criterion BE x Racing","Men's Junior"
"374",2024,40425,"Croix du Sud de Matoury","Men's Junior"
"375",2024,40982,"CS Velo Racing","Men's Junior"
"376",2024,40277,"CSCA Propreté 2000","Men's Junior"
"377",2024,41148,"CVND San Jacinto","Men's Junior"
"378",2024,41327,"CWASP Atari Maeda","Men's Junior"
"379",2024,40984,"Cycles Imperio-Panella","Men's Junior"
"380",2024,40840,"Cycling Development Foundation","Men's Junior"
"381",2024,41182,"Cymot RT","Men's Junior"
"382",2024,39772,"C´Chartres Cyclisme","Men's Junior"
"383",2024,40295,"De Dijlespurters V.V.Mechelen VZW","Men's Junior"
"384",2024,40291,"Decock-Van Eyck-Devos Capoen","Men's Junior"
"385",2024,40996,"Delhi","Men's Junior"
"386",2024,39693,"Denver Disruptors","Men's Junior"
"387",2024,40941,"Descarados CC","Men's Junior"
"388",2024,41341,"Deus Velox Team","Men's Junior"
"389",2024,39538,"Dinan Sport Cycling","Men's Junior"
"390",2024,40930,"DM Cycling","Men's Junior"
"391",2024,40936,"Dolores C.C","Men's Junior"
"392",2024,40956,"DRC de Mol","Men's Junior"
"393",2024,41062,"Dstrel Cycling Team","Men's Junior"
"394",2024,41074,"Dubai Police Cycling Team","Men's Junior"
"395",2024,40866,"Dulwich Hill Cycling Club","Men's Junior"
"396",2024,41264,"E.C.Ducossais","Men's Junior"
"397",2024,40263,"E.C.Lamentinoise","Men's Junior"
"398",2024,41080,"EBS-Ciclos Oleka","Men's Junior"
"399",2024,40424,"EC Aulnay Drancy 93","Men's Junior"
"400",2024,40423,"EC Quevilly","Men's Junior"
"401",2024,39450,"EC Saint-Etienne Loire","Men's Junior"
"402",2024,41312,"Eco Cycle","Men's Junior"
"403",2024,39679,"EFC - L&amp;R - Van Mossel","Men's Junior"
"404",2024,40628,"Eibar Txirrindulari Taldea","Men's Junior"
"405",2024,40608,"Eiser-Hirumet","Men's Junior"
"406",2024,40279,"El Bicho - Prime Numbers","Men's Junior"
"407",2024,41303,"Eldorado Tohoku","Men's Junior"
"408",2024,40853,"Electro Alavesa - Zuia Ingenieri","Men's Junior"
"409",2024,40514,"Elite Fondations Cycling Team","Men's Junior"
"410",2024,41048,"Emigrupp Zuma Immigration","Men's Junior"
"411",2024,41037,"Encancon SLU","Men's Junior"
"412",2024,40289,"Entente Cycliste de Wallonie","Men's Junior"
"413",2024,40999,"Equipe Goa","Men's Junior"
"414",2024,41292,"Equipe Tyran","Men's Junior"
"415",2024,40216,"Equipo Cortizo","Men's Junior"
"416",2024,40366,"Equipo Essax","Men's Junior"
"417",2024,39802,"Equipo Finisher","Men's Junior"
"418",2024,40361,"Equipo Gomur","Men's Junior"
"419",2024,41066,"Equipo Paysandu","Men's Junior"
"420",2024,39621,"ES Torigni","Men's Junior"
"421",2024,39466,"ESEG Douai","Men's Junior"
"422",2024,40363,"Esetec-Ricardo Fuentes","Men's Junior"
"423",2024,40946,"Esparza Training","Men's Junior"
"424",2024,40506,"Espoir du Sud","Men's Junior"
"425",2024,40512,"Etruria Team Sestese","Men's Junior"
"426",2024,41164,"Eukon Conchel","Men's Junior"
"427",2024,40797,"Excelsior","Men's Junior"
"428",2024,41013,"Express Cars-C.C.Crevillent","Men's Junior"
"429",2024,40278,"Extremadura-Pebetero","Men's Junior"
"430",2024,41060,"Fante Atika Team","Men's Junior"
"431",2024,40629,"Farmaquisur-Cafes Barante","Men's Junior"
"432",2024,40934,"FAS Electricidad-Roma Auto","Men's Junior"
"433",2024,41155,"Fed.Durazno","Men's Junior"
"434",2024,41210,"Fiets","Men's Junior"
"435",2024,41186,"Fisherman´s Friend Chiang Mai","Men's Junior"
"436",2024,41181,"Food Lovers Market Men","Men's Junior"
"437",2024,40889,"Freddy Bernal Champdilla","Men's Junior"
"438",2024,40926,"Fuerza Activa","Men's Junior"
"439",2024,41260,"Full Gas Racing","Men's Junior"
"440",2024,40677,"Fundacion Angeles Hernandez","Men's Junior"
"441",2024,40933,"Fundación Emanuel Saldaño","Men's Junior"
"442",2024,41367,"Futuro Sport","Men's Junior"
"443",2024,41224,"FyF Team","Men's Junior"
"444",2024,40871,"G-Flow","Men's Junior"
"445",2024,39530,"G.C.Sissio Team","Men's Junior"
"446",2024,41277,"Gaudeng East","Men's Junior"
"447",2024,41274,"Gaudeng North","Men's Junior"
"448",2024,41276,"Gauteng Nord West","Men's Junior"
"449",2024,40678,"Gob.Trujillo","Men's Junior"
"450",2024,41161,"Gobik Factory Team","Men's Junior"
"451",2024,41106,"Gold Coast CC","Men's Junior"
"452",2024,41036,"Granja Rinya-GSport","Men's Junior"
"453",2024,41229,"Gravel-Ned","Men's Junior"
"454",2024,40931,"Gremios por el Deporte Cutral Co.","Men's Junior"
"455",2024,40524,"Grenoble Métropole Cyclisme 38","Men's Junior"
"456",2024,40852,"Grupo Eulen-NUUK","Men's Junior"
"457",2024,40615,"Grupo Intxausti","Men's Junior"
"458",2024,41040,"Grupo Nexta","Men's Junior"
"459",2024,39411,"GSC Blagnac Vélo Sport 31","Men's Junior"
"460",2024,41163,"GSport-Alma Wagen","Men's Junior"
"461",2024,39412,"Guidon Chalettois","Men's Junior"
"462",2024,40422,"Guidon Decazevillois","Men's Junior"
"463",2024,40421,"Guidon Machecoulais","Men's Junior"
"464",2024,40991,"Gujarat","Men's Junior"
"465",2024,41297,"Gunma Grifin Elite","Men's Junior"
"466",2024,41278,"Gunma Grifin Racing Team","Men's Junior"
"467",2024,41310,"H.H.C","Men's Junior"
"468",2024,40886,"Hamilton Wheelers C.C Jr.","Men's Junior"
"469",2024,40878,"Hamilton Wheelers CC","Men's Junior"
"470",2024,40992,"Haryana","Men's Junior"
"471",2024,40842,"Hawthorn Cycling Club","Men's Junior"
"472",2024,39413,"Hexagone-Corbas Lyon Métropole","Men's Junior"
"473",2024,40367,"High Level-GSport","Men's Junior"
"474",2024,41178,"Hollard Insurance","Men's Junior"
"475",2024,41177,"Hollard Life","Men's Junior"
"476",2024,39684,"Hopplà - Petroli Firenze - Don Camillo","Men's Junior"
"477",2024,41033,"Hostal Latorre-Ederlan","Men's Junior"
"478",2024,39480,"Hubo-Remotive Cycling Team","Men's Junior"
"479",2024,41249,"Huesca la Magia-Renault","Men's Junior"
"480",2024,41254,"Hunt Your Glory","Men's Junior"
"481",2024,41133,"Hyundai Mobikorea","Men's Junior"
"482",2024,40748,"IBuilt Racing","Men's Junior"
"483",2024,40819,"Igname Shinano Yamagata","Men's Junior"
"484",2024,41016,"Ijes Solar-High Level","Men's Junior"
"485",2024,40258,"Illes Balears-Arabay Team elite","Men's Junior"
"486",2024,40962,"Inagi Fiets Classact","Men's Junior"
"487",2024,41379,"Ind-Antioquia","Men's Junior"
"488",2024,41378,"Ind-Antioquia","Men's Junior"
"489",2024,41165,"Independiente","Men's Junior"
"490",2024,40904,"Infinity Bikes","Men's Junior"
"491",2024,40948,"Inteja Imca-Ridea DCT","Men's Junior"
"492",2024,41107,"Ipswich CC","Men's Junior"
"493",2024,39427,"Isatis Cycling Team","Men's Junior"
"494",2024,40880,"Isotech-Suministros Dama","Men's Junior"
"495",2024,41337,"iSpeed Racing","Men's Junior"
"496",2024,39453,"Issoire Cyclisme Compétition","Men's Junior"
"497",2024,41386,"Istanbul Yurdun SK","Men's Junior"
"498",2024,41001,"J &amp; K","Men's Junior"
"499",2024,41243,"JEA Construcciones Pergamino","Men's Junior"
"500",2024,40796,"Jeunesse Cycliste 231","Men's Junior"
"501",2024,40960,"Jeunesse Cycliste Abymes","Men's Junior"
"502",2024,41369,"JF Cunit-Proton","Men's Junior"
"503",2024,40909,"JG Deportes","Men's Junior"
"504",2024,41209,"JIN CYCLING TEAM","Men's Junior"
"505",2024,41239,"Juan Giner-Ulevel-Vitaldinsport","Men's Junior"
"506",2024,40983,"Jujuy Somos Todos","Men's Junior"
"507",2024,40419,"Jura Cyclisme","Men's Junior"
"508",2024,40672,"Jurvan Voima","Men's Junior"
"509",2024,41330,"Kaneda BODY TALKING","Men's Junior"
"510",2024,40988,"Karnataka","Men's Junior"
"511",2024,41307,"Katasei Compagno","Men's Junior"
"512",2024,41086,"Kaze Factory Racing","Men's Junior"
"513",2024,40294,"KDM-Pack Cycling Team","Men's Junior"
"514",2024,41301,"Keio University","Men's Junior"
"515",2024,40998,"Kerala","Men's Junior"
"516",2024,41051,"Kingdom Racing","Men's Junior"
"517",2024,40283,"Knippcycling - Schär Gärten Racing Team","Men's Junior"
"518",2024,41189,"Kogi","Men's Junior"
"519",2024,40875,"Kulture-SPD","Men's Junior"
"520",2024,41275,"Kwazulu Natal","Men's Junior"
"521",2024,40676,"La Guaira Bandes","Men's Junior"
"522",2024,41150,"La Luz CT","Men's Junior"
"523",2024,40690,"La Mafia del Kom","Men's Junior"
"524",2024,40416,"La Motte-Servolex Cyclisme","Men's Junior"
"525",2024,40383,"Laboral Kutxa","Men's Junior"
"526",2024,41235,"Las Flores","Men's Junior"
"527",2024,40864,"Launceston City CC","Men's Junior"
"528",2024,41340,"Legion of Los Angeles elite","Men's Junior"
"529",2024,41184,"Lenso CT","Men's Junior"
"530",2024,40789,"Lescar VS","Men's Junior"
"531",2024,41151,"Libertad F.C.Salto","Men's Junior"
"532",2024,41157,"Libre-Fed.Canelones","Men's Junior"
"533",2024,41156,"Libre-Fed.Cerro Largo","Men's Junior"
"534",2024,41153,"Libre-Fed.Paysandú","Men's Junior"
"535",2024,41154,"Libre-Fed.Tacuarembó","Men's Junior"
"536",2024,41158,"Libre-Fed.Treinta y Tres","Men's Junior"
"537",2024,41381,"Liciclismo Bolivar","Men's Junior"
"538",2024,41377,"Liga Bogota","Men's Junior"
"539",2024,40977,"Liga Caldense de Ciclismo","Men's Junior"
"540",2024,41376,"Liga de Boyacá","Men's Junior"
"541",2024,41382,"Liga del Atlantico","Men's Junior"
"542",2024,41380,"Liga del Meta","Men's Junior"
"543",2024,40979,"Liga del Valle","Men's Junior"
"544",2024,40978,"Liga Indeportes Tolima","Men's Junior"
"545",2024,41364,"Linares Team","Men's Junior"
"546",2024,41282,"LINKVISION GIRASOLE CYCLING","Men's Junior"
"547",2024,41201,"Lobos","Men's Junior"
"548",2024,41081,"Loro Parque-C.C.Talavera","Men's Junior"
"549",2024,41344,"Los Angeles BC","Men's Junior"
"550",2024,41055,"Los Melos CT","Men's Junior"
"551",2024,40681,"Lotería del Táchira","Men's Junior"
"552",2024,39737,"LotuSteam","Men's Junior"
"553",2024,40872,"Lovell CT","Men's Junior"
"554",2024,39655,"LRG-Cycling Team","Men's Junior"
"555",2024,41206,"LT United Cycling Team","Men's Junior"
"556",2024,40282,"Lyon Sprint Evolution","Men's Junior"
"557",2024,41174,"L´Esprint","Men's Junior"
"558",2024,41003,"Madhya Pradesh","Men's Junior"
"559",2024,41265,"Madinina Bikers","Men's Junior"
"560",2024,40986,"Maharashtra","Men's Junior"
"561",2024,40905,"Maipú Cycling Road","Men's Junior"
"562",2024,39776,"Maltinti Lampadari-Banca Cambiano","Men's Junior"
"563",2024,40932,"Mani Zabala-M.Albardon","Men's Junior"
"564",2024,40868,"Manly Warringha Cycling Club","Men's Junior"
"565",2024,41370,"Maritrans-Carnes Bilbao","Men's Junior"
"566",2024,41042,"Master-30","Men's Junior"
"567",2024,41043,"Master-40","Men's Junior"
"568",2024,41044,"Master-50","Men's Junior"
"569",2024,40621,"Mastromarco Sensi Nibali","Men's Junior"
"570",2024,39671,"Mayenne-VandB-Monbana","Men's Junior"
"571",2024,41176,"MBM . Racing Men","Men's Junior"
"572",2024,40670,"Meblo Jogi Pro-Concrete","Men's Junior"
"573",2024,41109,"Melbourne University","Men's Junior"
"574",2024,41131,"Mercagrisa","Men's Junior"
"575",2024,40793,"Miami Blazers","Men's Junior"
"576",2024,41056,"Miami Falcons","Men's Junior"
"577",2024,39624,"Miami Nights","Men's Junior"
"578",2024,40844,"Midland Cycle Club","Men's Junior"
"579",2024,41299,"Milky Way Wakayama","Men's Junior"
"580",2024,41202,"MiNERVA-asahi","Men's Junior"
"581",2024,39672,"Mini Discar Cycling Team","Men's Junior"
"582",2024,41075,"Ministry of Defense Cycling Team","Men's Junior"
"583",2024,28630,"Minsk Cycling Club","Men's Junior"
"584",2024,41061,"Mister Biker-Gobik Team","Men's Junior"
"585",2024,36962,"MIVRO","Men's Junior"
"586",2024,41203,"mkw","Men's Junior"
"587",2024,40413,"Montoir Atlantique Cyclisme","Men's Junior"
"588",2024,39854,"Morbihan Adris Gwendal Oliveux","Men's Junior"
"589",2024,39745,"Morlaix Cyclisme Performance","Men's Junior"
"590",2024,40838,"Mornington CC","Men's Junior"
"591",2024,39680,"Moyon Percy VC","Men's Junior"
"592",2024,40894,"MU Training - Pais Futuro","Men's Junior"
"593",2024,41385,"Mugla Karya GSK","Men's Junior"
"594",2024,41068,"Municipalidad de Guaymallen","Men's Junior"
"595",2024,41246,"Municipalidad de Lanús","Men's Junior"
"596",2024,41261,"MyWhoosh","Men's Junior"
"597",2024,41313,"Nakagawa AS K'Design","Men's Junior"
"598",2024,41302,"NEST nagasaki","Men's Junior"
"599",2024,40412,"Neuves Maisons Cyclisme","Men's Junior"
"600",2024,41259,"Next Level Racing Elite","Men's Junior"
"601",2024,40895,"NIPPO-EF-Martigues","Men's Junior"
"602",2024,41287,"Nippon Sport Science University","Men's Junior"
"603",2024,41130,"Northern Sydney Cycling Club","Men's Junior"
"604",2024,40855,"Norwood CC","Men's Junior"
"605",2024,40476,"Obidos Cycling Team","Men's Junior"
"606",2024,40252,"OBOR-BIKE AID Cycling Team","Men's Junior"
"607",2024,40411,"OC Val d'Oise","Men's Junior"
"608",2024,40253,"OCC Antibes Alpes-Maritimes","Men's Junior"
"609",2024,39379,"Océane Top 16","Men's Junior"
"610",2024,40349,"OCF Team Legend Wheels","Men's Junior"
"611",2024,41152,"Olimpia de Melo","Men's Junior"
"612",2024,41359,"Opticas Zeus CN","Men's Junior"
"613",2024,40843,"Orange C.C","Men's Junior"
"614",2024,41236,"Orven NL","Men's Junior"
"615",2024,41324,"Osaka Institute of Technology","Men's Junior"
"616",2024,41331,"Osaka University","Men's Junior"
"617",2024,40620,"Overall Tre Colli Cycling Team","Men's Junior"
"618",2024,40747,"Oxford Edge Cycling Team","Men's Junior"
"619",2024,41323,"Oyama Starplex","Men's Junior"
"620",2024,41167,"P.C.Sueca","Men's Junior"
"621",2024,41345,"Padyak RT","Men's Junior"
"622",2024,41387,"Pamukkale Atletik SK","Men's Junior"
"623",2024,40772,"Panaderia Carabobo","Men's Junior"
"624",2024,41317,"PARABOLA Iwai Seagull","Men's Junior"
"625",2024,39451,"Paris Cycliste Olympique","Men's Junior"
"626",2024,40410,"Parisis AC 95","Men's Junior"
"627",2024,41159,"Pasarela Lucciola","Men's Junior"
"628",2024,41266,"Pédale d'Or Joséphine","Men's Junior"
"629",2024,39765,"Pedale Scaligero","Men's Junior"
"630",2024,40839,"Peel District","Men's Junior"
"631",2024,41306,"Phantom Shonan","Men's Junior"
"632",2024,40744,"Pista Corsa Development ","Men's Junior"
"633",2024,39785,"Plouay Cycling Team","Men's Junior"
"634",2024,39766,"Polisportiva Tripetetolo","Men's Junior"
"635",2024,39416,"Polti-KOMETA U23","Men's Junior"
"636",2024,40790,"Portos Windmob","Men's Junior"
"637",2024,39767,"ProGit Cycling Team","Men's Junior"
"638",2024,41285,"Promotion x Athletes CYCLING","Men's Junior"
"639",2024,40994,"Punjab","Men's Junior"
"640",2024,40745,"Quality Foods Southland","Men's Junior"
"641",2024,41231,"Rabdan Cycling Team","Men's Junior"
"642",2024,41187,"RAFT","Men's Junior"
"643",2024,40985,"Railway Sports","Men's Junior"
"644",2024,40990,"Rajasthan","Men's Junior"
"645",2024,41245,"Raleigth","Men's Junior"
"646",2024,40939,"Rali Yajois Herrera","Men's Junior"
"647",2024,40937,"Rali-Giant","Men's Junior"
"648",2024,41291,"Rapha Cycling Club","Men's Junior"
"649",2024,40867,"Rauland Cycling Team","Men's Junior"
"650",2024,39683,"RB Zelfbouw UCT","Men's Junior"
"651",2024,41362,"Regional Pelarco","Men's Junior"
"652",2024,41053,"Reign Storm Racing","Men's Junior"
"653",2024,40360,"Retelec-Team Cycling Galicia","Men's Junior"
"654",2024,40684,"Revivir-Produgar Caracas","Men's Junior"
"655",2024,40940,"Revolution CT","Men's Junior"
"656",2024,40952,"Ribino Alpine Resort Bled","Men's Junior"
"657",2024,41238,"Ricardito Team","Men's Junior"
"658",2024,41227,"Risaralda Casta de Campeones","Men's Junior"
"659",2024,40876,"Rolling Shattaz-BZ Boys","Men's Junior"
"660",2024,39764,"Rostese Squadra Corse","Men's Junior"
"661",2024,40837,"Royal Bikes","Men's Junior"
"662",2024,40743,"RushVelo Ridley","Men's Junior"
"663",2024,40907,"Ruteros La Union","Men's Junior"
"664",2024,39763,"S.C.Valle Seriana-Cene","Men's Junior"
"665",2024,40264,"Sablé Sarthe Cyclisme","Men's Junior"
"666",2024,41329,"Sagami Racing","Men's Junior"
"667",2024,40375,"Saint Piran Uskis","Men's Junior"
"668",2024,40697,"Saitama/Nasu SunBrave","Men's Junior"
"669",2024,41216,"Salalah Club","Men's Junior"
"670",2024,40925,"San Antonio de Florida","Men's Junior"
"671",2024,40957,"SAT team","Men's Junior"
"672",2024,41221,"SBC Cicling Team","Men's Junior"
"673",2024,41280,"SBC Vertex Racing Team","Men's Junior"
"674",2024,41084,"SC Cycling Club","Men's Junior"
"675",2024,39452,"SCO Dijon-Team Material-velo.com","Men's Junior"
"676",2024,41188,"Seguro LCC Team","Men's Junior"
"677",2024,41320,"Selection Minami Kyushu","Men's Junior"
"678",2024,40284,"Sensa- Kanjers voor Kanjers CT","Men's Junior"
"679",2024,41308,"Seo Racing","Men's Junior"
"680",2024,41336,"Serious Cycling","Men's Junior"
"681",2024,40906,"Sermainox","Men's Junior"
"682",2024,40989,"Services Sports","Men's Junior"
"683",2024,41108,"Seymour Broadford Cycling Club","Men's Junior"
"684",2024,41069,"Shabab Al Ahli Cycling Team","Men's Junior"
"685",2024,41348,"Shift Go RT","Men's Junior"
"686",2024,41365,"Shimano Klassik Car","Men's Junior"
"687",2024,41349,"SN Vitae Bam Bam Coaching RT","Men's Junior"
"688",2024,39762,"So.L.Me. - Olmo","Men's Junior"
"689",2024,41207,"soleil de lest","Men's Junior"
"690",2024,40884,"South West Cycling Club","Men's Junior"
"691",2024,40741,"Southern Cross","Men's Junior"
"692",2024,41049,"Space in Novo Manakish","Men's Junior"
"693",2024,41087,"Specialized Royal Mavericks","Men's Junior"
"694",2024,40958,"Spi Cycling","Men's Junior"
"695",2024,40752,"Spirit TBW","Men's Junior"
"696",2024,39503,"Sportbreizh - Tydor - Armor-lux","Men's Junior"
"697",2024,41252,"Squadra Elite","Men's Junior"
"698",2024,41052,"Squadra Miami","Men's Junior"
"699",2024,40862,"St George Cycling Club","Men's Junior"
"700",2024,40883,"St Kilda Cycling Club","Men's Junior"
"701",2024,40293,"Stageco Cycling Team","Men's Junior"
"702",2024,41293,"Subaru Cycling Team","Men's Junior"
"703",2024,41333,"Subaru Santa Monica Racing","Men's Junior"
"704",2024,41211,"Sumita Eidai Pearlizumi Ravanello","Men's Junior"
"705",2024,40368,"Supermercados Froiz","Men's Junior"
"706",2024,40987,"Tamil Nadu","Men's Junior"
"707",2024,41372,"Te Awamutu Sports Cycling Club","Men's Junior"
"708",2024,41328,"Team Ashiviva DAISHINDEN","Men's Junior"
"709",2024,39691,"Team Atria-Montluçon Cyclisme","Men's Junior"
"710",2024,39408,"Team Bricquebec Cotentin","Men's Junior"
"711",2024,40822,"Team BridgeLane Juniors","Men's Junior"
"712",2024,41334,"Team California","Men's Junior"
"713",2024,39607,"Team CAMA CCD","Men's Junior"
"714",2024,41175,"Team Cathy","Men's Junior"
"715",2024,40924,"Team CCS Canberra Men","Men's Junior"
"716",2024,41321,"Team Cheblo","Men's Junior"
"717",2024,41360,"Team CN ","Men's Junior"
"718",2024,40435,"Team CO Play - Giant","Men's Junior"
"719",2024,40942,"Team Colono Bikestation Kölbi","Men's Junior"
"720",2024,40299,"Team Corrèze-Suchet-Nouvelle Aquitaine","Men's Junior"
"721",2024,40961,"Team Crédit Mutuel-Garage Premier-Fewoss","Men's Junior"
"722",2024,40769,"Team Cyclers SNEL","Men's Junior"
"723",2024,40486,"Team Deux-Sèvres","Men's Junior"
"724",2024,41346,"Team Doha Cycling","Men's Junior"
"725",2024,41162,"Team Ekuon","Men's Junior"
"726",2024,41284,"TEAM EMMA Cycling","Men's Junior"
"727",2024,41267,"Team Energizer","Men's Junior"
"728",2024,41242,"Team Fornara Const.","Men's Junior"
"729",2024,41223,"Team Fundecom","Men's Junior"
"730",2024,39761,"Team Gaiaplast Bibanese","Men's Junior"
"731",2024,40770,"Team Gesprom Evolution","Men's Junior"
"732",2024,41295,"Team GINRIN Kumamoto","Men's Junior"
"733",2024,40603,"Team Give Elementer","Men's Junior"
"734",2024,40604,"Team Give Steel - 2M Cycling Elite","Men's Junior"
"735",2024,40975,"Team Highforce","Men's Junior"
"736",2024,40950,"Team HYF-CH Brokers","Men's Junior"
"737",2024,39773,"Team IBT-Tripeak","Men's Junior"
"738",2024,41383,"Team Inderhuila","Men's Junior"
"739",2024,40967,"Team Ingeniería de Vías","Men's Junior"
"740",2024,41205,"Team Kermis Cross","Men's Junior"
"741",2024,39799,"Team La Crêpe de Brocéliande-BLC","Men's Junior"
"742",2024,40671,"Team La Guacamaya Indet Trujillo","Men's Junior"
"743",2024,41361,"Team La Higuera","Men's Junior"
"744",2024,39760,"Team Linea Oro Bike","Men's Junior"
"745",2024,39467,"Team LMP-La Roche Vendée Cyclisme","Men's Junior"
"746",2024,40408,"Team Madras Cycling","Men's Junior"
"747",2024,39759,"Team Mazzola P.G.C","Men's Junior"
"748",2024,40365,"Team MP Group","Men's Junior"
"749",2024,40980,"Team Murray","Men's Junior"
"750",2024,39605,"Team N'side","Men's Junior"
"751",2024,41179,"Team NCCS","Men's Junior"
"752",2024,40438,"Team Novak","Men's Junior"
"753",2024,41225,"Team Origenes Coffee","Men's Junior"
"754",2024,40679,"Team Osorio Grupo City Bikes","Men's Junior"
"755",2024,40702,"Team Ostwind - UC Haguenau","Men's Junior"
"756",2024,39758,"Team Palazzago","Men's Junior"
"757",2024,39023,"Team Pays de Briec","Men's Junior"
"758",2024,40754,"Team PB Performance","Men's Junior"
"759",2024,39783,"Team Peltrax-CS Dammarie-lès-Lys","Men's Junior"
"760",2024,40949,"Team Rio Grande Elite CT","Men's Junior"
"761",2024,41180,"Team RMB-Elite","Men's Junior"
"762",2024,41289,"Team Rogers","Men's Junior"
"763",2024,41342,"Team Six Project","Men's Junior"
"764",2024,40523,"Team Sparekassen","Men's Junior"
"765",2024,41318,"Team Squadra","Men's Junior"
"766",2024,41067,"Team Thielemans - De Hauwere","Men's Junior"
"767",2024,39472,"Team U Charente Maritime","Men's Junior"
"768",2024,39517,"Team U LH","Men's Junior"
"769",2024,40903,"team UCP-Factor Fitness","Men's Junior"
"770",2024,41283,"Team Ukyo Reve","Men's Junior"
"771",2024,40900,"Team Veloz","Men's Junior"
"772",2024,41237,"Team Venzo","Men's Junior"
"773",2024,40771,"Team Vicente Muñoz Merida","Men's Junior"
"774",2024,41296,"team ZERO","Men's Junior"
"775",2024,41208,"TeamZenko","Men's Junior"
"776",2024,40911,"Tecnobici","Men's Junior"
"777",2024,40359,"Tecnosylva Maglia Bembibre","Men's Junior"
"778",2024,41004,"Telangana","Men's Junior"
"779",2024,40765,"Tenerife-BikePoint-LaSedeBycicles","Men's Junior"
"780",2024,41304,"Tengutou","Men's Junior"
"781",2024,41262,"The Cycle Hub","Men's Junior"
"782",2024,39748,"The Team Petrucci Aries Parkpre","Men's Junior"
"783",2024,40901,"Tiger Sport Manuka","Men's Junior"
"784",2024,41326,"TONY Racing","Men's Junior"
"785",2024,41072,"Torq Cycling Team","Men's Junior"
"786",2024,40362,"Torres-Fernando Barceló Team","Men's Junior"
"787",2024,41136,"Torrevieja-Agamed","Men's Junior"
"788",2024,40766,"trainSharp Elite","Men's Junior"
"789",2024,41255,"Transportes Lain","Men's Junior"
"790",2024,39627,"Trentino CT U-23","Men's Junior"
"791",2024,41315,"Tri-X JAPAN","Men's Junior"
"792",2024,41085,"Triple S Factory","Men's Junior"
"793",2024,41290,"TTG MITORONG-V","Men's Junior"
"794",2024,40955,"TWC De Kempen","Men's Junior"
"795",2024,40406,"U. Cosnoise Sportive","Men's Junior"
"796",2024,40896,"U.C.Curicó","Men's Junior"
"797",2024,40379,"U.C.Monaco","Men's Junior"
"798",2024,39757,"U.C.Pistoiese","Men's Junior"
"799",2024,39756,"U.C.Pregnana-Team Scout","Men's Junior"
"800",2024,41270,"U.C.Spiritaine","Men's Junior"
"801",2024,39755,"U.S. Vertematese A.S.D.","Men's Junior"
"802",2024,40400,"U.S.Lamentin","Men's Junior"
"803",2024,39550,"U23 Cycling Project Team Materiel-velo.com","Men's Junior"
"804",2024,39670,"UC Briochine-Bleu Mercure","Men's Junior"
"805",2024,39383,"UC Cholet 49","Men's Junior"
"806",2024,40507,"UC Pélussin","Men's Junior"
"807",2024,39697,"UC Trevigiani Energiapura Marchiol","Men's Junior"
"808",2024,40718,"Ukraine Cycling Academy","Men's Junior"
"809",2024,40799,"Ulevel-Frutamine","Men's Junior"
"810",2024,41135,"Uniformes Murcia","Men's Junior"
"811",2024,41350,"Unifunvic Pindamondangadaba","Men's Junior"
"812",2024,41198,"Union Ciclista de 33","Men's Junior"
"813",2024,41311,"UNIVERS Team","Men's Junior"
"814",2024,41110,"University of Queensland","Men's Junior"
"815",2024,40292,"Urbano-Vulsteke CT","Men's Junior"
"816",2024,39696,"US Saint-Herblain Cyclisme","Men's Junior"
"817",2024,39409,"USSA Pavilly Barentin","Men's Junior"
"818",2024,39524,"UV Aube","Men's Junior"
"819",2024,40521,"UV Marie-Galante","Men's Junior"
"820",2024,39502,"V.C.Avranches","Men's Junior"
"821",2024,41269,"V.C.François","Men's Junior"
"822",2024,39488,"V.C.Lucéen","Men's Junior"
"823",2024,40526,"V.C.Mendrisio","Men's Junior"
"824",2024,40607,"Valverde Team-Ricardo Fuentes","Men's Junior"
"825",2024,40398,"VC Dolois","Men's Junior"
"826",2024,40395,"VC Montigny Bretonneux","Men's Junior"
"827",2024,40393,"VC Pays de Lorient","Men's Junior"
"828",2024,39415,"VC Rouen 76","Men's Junior"
"829",2024,40392,"VC Sébastiennais","Men's Junior"
"830",2024,41204,"VC Veloce","Men's Junior"
"831",2024,39420,"VC Villefranche Beaujolais","Men's Junior"
"832",2024,39407,"VCA Saint-Quentin","Men's Junior"
"833",2024,41271,"VCL228","Men's Junior"
"834",2024,39414,"VCP Loudéac","Men's Junior"
"835",2024,39541,"VCU Schwenheim","Men's Junior"
"836",2024,40848,"VDR pb Butterfields","Men's Junior"
"837",2024,41384,"Velo Bursa Team SKD","Men's Junior"
"838",2024,40527,"Velo Club Avezzano","Men's Junior"
"839",2024,39796,"Velo Club Empoli","Men's Junior"
"840",2024,41240,"Velo Race Team","Men's Junior"
"841",2024,40391,"Véloce Vannetais Cyclisme","Men's Junior"
"842",2024,40865,"Velofit Australia","Men's Junior"
"843",2024,41169,"Velosol Doltcini CT","Men's Junior"
"844",2024,39196,"Vendée U","Men's Junior"
"845",2024,40680,"Venezuela Pais Futuro","Men's Junior"
"846",2024,40929,"Vento-Diberbol","Men's Junior"
"847",2024,39523,"Vetrapo - B-Close Cycling Team","Men's Junior"
"848",2024,41005,"Vigo-Rias Baixas","Men's Junior"
"849",2024,41170,"Volata Raco dels Pets","Men's Junior"
"850",2024,41172,"Volata-Calderonabike-Sagunto","Men's Junior"
"851",2024,41343,"Voler Factory Team","Men's Junior"
"852",2024,39754,"VPM Moretti SCS","Men's Junior"
"853",2024,40390,"VS Mâcon","Men's Junior"
"854",2024,40389,"VSC Beaunois","Men's Junior"
"855",2024,40914,"Wagga Wagga CC","Men's Junior"
"856",2024,41281,"Wangan Cycling United","Men's Junior"
"857",2024,40885,"Warragul C.C","Men's Junior"
"858",2024,41002,"West Bengal","Men's Junior"
"859",2024,40951,"Willebrord Wil Vooruit","Men's Junior"
"860",2024,40870,"Williams RT","Men's Junior"
"861",2024,41230,"Wilson Bike-Morales Motos","Men's Junior"
"862",2024,41309,"Windy Tsukuba","Men's Junior"
"863",2024,41268,"Winner Team VTT","Men's Junior"
"864",2024,41232,"Wolfis Racing","Men's Junior"
"865",2024,40861,"X-Speed Australia","Men's Junior"
"866",2024,39753,"XPC Beltrami TSA","Men's Junior"
"867",2024,41314,"Yahiko Keirin Club Spirits","Men's Junior"
"868",2024,41322,"Yaita ARROWS Cycling Team","Men's Junior"
"869",2024,41233,"Yasi Cycling Team","Men's Junior"
"870",2024,41316,"Yokosuka UNO Racing","Men's Junior"
"871",2024,40290,"Young Cycling Talent D&amp;D","Men's Junior"
"872",2024,41279,"Yowamushi Pedal Cycling Team","Men's Junior"
"873",2024,40751,"Zabalgarbi-Photon","Men's Junior"
"874",2024,40267,"Zamora Enamora","Men's Junior"
"875",2024,40268,"Zamora Enamora Juniors","Men's Junior"
"876",2024,40606,"Zappi Racing Team","Men's Junior"
"877",2024,41171,"Zebra Rent","Men's Junior"
"878",2024,39752,"Zero Zero IKJ Sport","Men's Junior"
"879",2024,41058,"Ziel Concept Store","Men's Junior"
"880",2024,40666,"A.S.D. K2 Women Team","Men's Amateur"
"881",2024,39681,"Alba Development Road Team","Men's Amateur"
"882",2024,40795,"ARA | Skip Capital","Men's Amateur"
"883",2024,39222,"ARKEA-B&amp;B HOTELS","Men's Amateur"
"884",2024,39393,"Aromitalia 3T Vaiano","Men's Amateur"
"885",2024,41028,"Astana Dewi Women Team","Men's Amateur"
"886",2024,40618,"BePink-Bongioanni","Men's Amateur"
"887",2024,41029,"Boneshaker Project p/b Roxo","Men's Amateur"
"888",2024,40689,"CANYON//SRAM Generation","Men's Amateur"
"889",2024,33040,"Cofidis Women Team","Men's Amateur"
"890",2024,39620,"Cynisca Cycling","Men's Amateur"
"891",2024,40973,"DAS-Hutchinson-Brother UK","Men's Amateur"
"892",2024,39330,"DNA Pro Cycling Team","Men's Amateur"
"893",2024,40214,"Doltcini O’Shea","Men's Amateur"
"894",2024,33401,"EF Education-Cannondale","Men's Amateur"
"895",2024,39486,"Eneicat-CM Team","Men's Amateur"
"896",2024,40315,"GT Krush RebelLease","Men's Amateur"
"897",2024,40231,"Hess Cycling Team","Men's Amateur"
"898",2024,40665,"Isolmant-Premac-Vittoria","Men's Amateur"
"899",2024,33918,"Laboral Kutxa-Fundacion Euskadi","Men's Amateur"
"900",2024,32574,"Lifeplus Wahoo","Men's Amateur"
"901",2024,40619,"Liv AlUla Jayco Women’s Continental Team","Men's Amateur"
"902",2024,41030,"LKT-Team","Men's Amateur"
"903",2024,39320,"Lotto Dstny Ladies","Men's Amateur"
"904",2024,41200,"MAT ATOM Deweloper Wroclaw","Men's Amateur"
"905",2024,39770,"MAXX-SOLAR ROSE Women Racing","Men's Amateur"
"906",2024,40791,"Primeau Vélo-Groupe Abadie","Men's Amateur"
"907",2024,39682,"Pro-Noctis-200 ° Coffee-Hargreaves Contracting","Men's Amateur"
"908",2024,40849,"Proximus-Cyclis CT","Men's Amateur"
"909",2024,40475,"Soltec Iberoamerica","Men's Amateur"
"910",2024,39002,"St Michel-Mavic-Auber 93","Men's Amateur"
"911",2024,40658,"Tashkent City Women Professional Cycling Team","Men's Amateur"
"912",2024,40794,"Team Bridgelane","Men's Amateur"
"913",2024,33100,"Team Coop-Repsol","Men's Amateur"
"914",2024,40661,"Team Dukla Praha","Men's Amateur"
"915",2024,40616,"Team Komugi-Grand Est","Men's Amateur"
"916",2024,40667,"Team Mendelspeck Ge-Man","Men's Amateur"
"917",2024,41031,"Thailand Women's Cycling Team","Men's Amateur"
"918",2024,40662,"Top Girls Fassa Bortolo","Men's Amateur"
"919",2024,41160,"Torelli","Men's Amateur"
"920",2024,39340,"UAE Development Team","Men's Amateur"
"921",2024,40485,"Virginia's Blue Ridge TWENTY24","Men's Amateur"
"922",2024,34175,"VolkerWessels Women's Pro Cycling Team","Men's Amateur"
"923",2024,41032,"WCC Team","Men's Amateur"
"924",2024,32754,"Winspace","Men's Amateur"
"925",2024,34173,"AG Insurance-NXTG U23 Team","Women's World Tour"
"926",2024,40845,"Baloise-WB Ladies","Women's World Tour"
"927",2024,40663,"Born To Win-Zhiraf-G20","Women's World Tour"
"928",2024,39707,"Breizh Ladies","Women's World Tour"
"929",2024,40664,"BTC City Ljubljana Scott","Women's World Tour"
"930",2024,40508,"Cantabria Deporte-Rio Miera Women","Women's World Tour"
"931",2024,40846,"Cyclingteam Belco/Van Eyck","Women's World Tour"
"932",2024,40847,"DD Group-Isorex-No Aqua Ladies CT","Women's World Tour"
"933",2024,39695,"Denver Disruptors","Women's World Tour"
"934",2024,40574,"Duolar - Chevalmeire","Women's World Tour"
"935",2024,40830,"Entente Cycliste Thaonnaise","Women's World Tour"
"936",2024,40851,"Eurinvest by Albi Vélo Sport","Women's World Tour"
"937",2024,40668,"GS Gauss","Women's World Tour"
"938",2024,40832,"Hexagone-Corbas Lyon Métropole Féminin","Women's World Tour"
"939",2024,40311,"KDM-Pack Cycling Team","Women's World Tour"
"940",2024,40860,"Ladies CT Hoz-Beveren","Women's World Tour"
"941",2024,40249,"Ladynamips La Roche Vendée Cyclisme","Women's World Tour"
"942",2024,40224,"Lanester Women Morbihan","Women's World Tour"
"943",2024,40369,"Lyon Sprint Evolution Féminin","Women's World Tour"
"944",2024,40309,"Massi Tactic Women","Women's World Tour"
"945",2024,39692,"Miami Nights","Women's World Tour"
"946",2024,40655,"Primeau Vélo Racing","Women's World Tour"
"947",2024,40954,"Restore Cycling Team","Women's World Tour"
"948",2024,40381,"RRK Group-Pierre Baguette","Women's World Tour"
"949",2024,40850,"Team Avesnois","Women's World Tour"
"950",2024,40828,"Team Centre-Val de Loire Féminin","Women's World Tour"
"951",2024,40248,"Team ELLES-Groupama-Pays de la Loire","Women's World Tour"
"952",2024,40660,"Team Embrace The World Cycling","Women's World Tour"
"953",2024,40826,"Team Féminin Chambéry","Women's World Tour"
"954",2024,40823,"Team Praz-sur-Arly - Haute Savoie","Women's World Tour"
"955",2024,39735,"Team Vern 35 Féminin","Women's World Tour"
"956",2024,40654,"TKK Pacific Nestlé Fitness","Women's World Tour"
"957",2024,40829,"UVCA Troyes Féminin","Women's World Tour"
"958",2024,40831,"VC Morteau-Montbenoît Féminin","Women's World Tour"
"959",2024,40834,"VCESQY Team Voussert","Women's World Tour"
"960",2024,40824,"Vélo Club Métropolitain-Urbanbike Montpellier","Women's World Tour"
"961",2024,40657,"Watersley R&amp;D Road Team","Women's World Tour"
"962",2024,40659,"WV Schijndel","Women's World Tour"
"963",2024,32780,"AG Insurance-Soudal Team","Women's Conti"
"964",2024,23746,"CANYON//SRAM Racing","Women's Conti"
"965",2024,28936,"Ceratizit-WNT Pro Cycling","Women's Conti"
"966",2024,31782,"FDJ-SUEZ","Women's Conti"
"967",2024,32808,"Fenix-Deceuninck","Women's Conti"
"968",2024,32933,"Human Powered Health","Women's Conti"
"969",2024,27997,"Lidl-Trek","Women's Conti"
"970",2024,32300,"Liv AlUla Jayco","Women's Conti"
"971",2024,27292,"Movistar Team","Women's Conti"
"972",2024,33161,"Roland","Women's Conti"
"973",2024,21879,"Team dsm-firmenich PostNL","Women's Conti"
"974",2024,22013,"Team SD Worx-Protime","Women's Conti"
"975",2024,27897,"Team Visma | Lease a Bike","Women's Conti"
"976",2024,33077,"UAE Team ADQ","Women's Conti"
"977",2024,27558,"Uno-X Mobility","Women's Conti"
"978",2024,39855,"A.C.Bisontine U19","Women's Other"
"979",2024,39865,"A.C.Lanester 56 Junior","Women's Other"
"980",2024,39866,"A.S.Villemur U19","Women's Other"
"981",2024,39867,"AA Drink Young Lions","Women's Other"
"982",2024,39868,"ABTF Betão - Bairrada","Women's Other"
"983",2024,39870,"AC Cusset U19","Women's Other"
"984",2024,39871,"AC Pays de Baud Junior","Women's Other"
"985",2024,39872,"Academia de Ciclismo de Viseu","Women's Other"
"986",2024,39873,"Academia Efapel de Ciclismo","Women's Other"
"987",2024,40470,"Academy Région Sud pb Giant","Women's Other"
"988",2024,39874,"ACD Milharado - Sobralcar - Mafra U19","Women's Other"
"989",2024,39558,"Acrog-Tormans BC U19","Women's Other"
"990",2024,39875,"ACV Aurillacois","Women's Other"
"991",2024,41127,"Adelaide MBC Jr.","Women's Other"
"992",2024,39876,"Adria Mobil U19","Women's Other"
"993",2024,39877,"Aizenay Velo Sports","Women's Other"
"994",2024,39878,"Alcobaça CC - Crédito Agricola","Women's Other"
"995",2024,39879,"Alfasun Cycling Team Juniors","Women's Other"
"996",2024,39583,"Alimco-Campagnolo","Women's Other"
"997",2024,39880,"Alks Stal Grudziadz","Women's Other"
"998",2024,39881,"Almodovar - Formacao Team Scav","Women's Other"
"999",2024,41115,"Alpine CC Jr","Women's Other"
"1000",2024,39882,"Aluminios Cortizo Jr","Women's Other"
"1001",2024,41192,"Amino Vital Junior","Women's Other"
"1002",2024,39883,"Aminur Consulting-AEL-Ikascola","Women's Other"
"1003",2024,39884,"Ampo-Ikolan Sports","Women's Other"
"1004",2024,39885,"Andoaingo TX. Eskola","Women's Other"
"1005",2024,40732,"Anexo Group Race Team","Women's Other"
"1006",2024,39887,"Antwerp Cycling Team Kontich U19","Women's Other"
"1007",2024,39888,"Aranako Ford Garaje Moderno","Women's Other"
"1008",2024,39889,"Argenteuil Val de Seine Cyclisme 95 U19","Women's Other"
"1009",2024,39890,"ASC Monsters Indonesia","Women's Other"
"1010",2024,39891,"ASD G.S. Guadense","Women's Other"
"1011",2024,39892,"ASD Scuola Ciclismo","Women's Other"
"1012",2024,39893,"Asesores de Navarra","Women's Other"
"1013",2024,39894,"Asfra Racing Team","Women's Other"
"1014",2024,39895,"Asker CK Junior","Women's Other"
"1015",2024,38798,"Aspiratori Otelli","Women's Other"
"1016",2024,39896,"Audax Fiormonti","Women's Other"
"1017",2024,39897,"Augar-Laguntasuna","Women's Other"
"1018",2024,41129,"AUS-Junior","Women's Other"
"1019",2024,39898,"Autovivo Grup","Women's Other"
"1020",2024,39518,"Autozai Contri Team","Women's Other"
"1021",2024,40971,"Ayuso Team UAE","Women's Other"
"1022",2024,41128,"Ballarat Sebastapol CC Jr.","Women's Other"
"1023",2024,39899,"Balmoral C.C U19","Women's Other"
"1024",2024,40296,"Baqué Cycling Team U19","Women's Other"
"1025",2024,39576,"Bathco Cycling Team","Women's Other"
"1026",2024,39900,"BCC Race Team Juniors","Women's Other"
"1027",2024,39901,"Beaupréau V.S. Junior","Women's Other"
"1028",2024,39902,"Bellota-Goierri","Women's Other"
"1029",2024,39903,"Bergen CK Junior","Women's Other"
"1030",2024,39904,"Besa-Laboral Kutxa","Women's Other"
"1031",2024,39905,"Beziers Mediterranee Cyclisme U19","Women's Other"
"1032",2024,39906,"BL-Embrace The World Cycling U19","Women's Other"
"1033",2024,39907,"Bonillo Team","Women's Other"
"1034",2024,39908,"Boras Lewart Team Lubartow","Women's Other"
"1035",2024,39629,"Borgo Molino Vigna Fiorita","Women's Other"
"1036",2024,39909,"Bourg-en-Bresse Ain Cyclisme U19","Women's Other"
"1037",2024,39567,"Brain² Olympia Tienen","Women's Other"
"1038",2024,39911,"Brunswick C.C. Jr","Women's Other"
"1039",2024,41120,"Bundaberg Cycling Club Jr","Women's Other"
"1040",2024,39912,"Bäckstedt Bike Performance JRT","Women's Other"
"1041",2024,39913,"C. S. Marítimo  Barreirinha Bar Café","Women's Other"
"1042",2024,39914,"C.C.Cambre","Women's Other"
"1043",2024,39915,"C.s. Libertas Scorze","Women's Other"
"1044",2024,39916,"C.T Keukens Buysse Knesselaere","Women's Other"
"1045",2024,39917,"C.T.Aterdaul","Women's Other"
"1046",2024,39918,"C.T.Houtland-Westkust U19","Women's Other"
"1047",2024,39919,"C.Z K.K.S Kolejarz-Jura","Women's Other"
"1048",2024,39920,"Cafe Dromedario-Flotamet","Women's Other"
"1049",2024,39921,"Caldas Ecosprint - Nutea","Women's Other"
"1050",2024,39922,"Camargo - Beko","Women's Other"
"1051",2024,40504,"Campana Imballaggi Geo&amp;Tex Trentino U19","Women's Other"
"1052",2024,41122,"Canberra CC Jr.","Women's Other"
"1053",2024,40893,"Canberra Off RC Jr","Women's Other"
"1054",2024,39329,"Cannibal B Victorious","Women's Other"
"1055",2024,41093,"Carnegie Caulfield CC-Jr","Women's Other"
"1056",2024,39924,"Castillo de Onda Equipo Ciclista","Women's Other"
"1057",2024,39925,"CC Barcelos - AFF - Flynx - HM Motor","Women's Other"
"1058",2024,39926,"CC Bourg-Blanc U19","Women's Other"
"1059",2024,39927,"CC Etupes U19","Women's Other"
"1060",2024,39928,"CC Marmande 47 Juniors","Women's Other"
"1061",2024,39929,"CC Nogent-sur-Oise Juniors","Women's Other"
"1062",2024,39930,"CC Plancoët Junior","Women's Other"
"1063",2024,39931,"CC Vitréen U19","Women's Other"
"1064",2024,39933,"Centro Ciclismo de Loulé","Women's Other"
"1065",2024,39934,"CFC Spordiklubi U19","Women's Other"
"1066",2024,39935,"Charvieu-Chavagneux IC Junior","Women's Other"
"1067",2024,39936,"Ciclistica Biringhello","Women's Other"
"1068",2024,39937,"Ciclistica Dro ASD","Women's Other"
"1069",2024,39938,"Ciclistica Rostese","Women's Other"
"1070",2024,39555,"Ciclistica Trevigliese","Women's Other"
"1071",2024,41102,"City of Burnie Jr.","Women's Other"
"1072",2024,39939,"Ciudad de Oviedo-Tartiere Auto U19","Women's Other"
"1073",2024,39940,"CK Epic Dohnany","Women's Other"
"1074",2024,39942,"Climberg Sport Team","Women's Other"
"1075",2024,39519,"Club Ciclistico Canturino 1902 ASD","Women's Other"
"1076",2024,39943,"CM Aubervilliers 93 U19","Women's Other"
"1077",2024,39944,"COC Fougères Juniors","Women's Other"
"1078",2024,39945,"Copernicus CCC Team","Women's Other"
"1079",2024,39947,"Corbatas Pindal","Women's Other"
"1080",2024,39948,"Cornouaille Sud Cyclisme","Women's Other"
"1081",2024,39949,"Corte Astur Las Mestas","Women's Other"
"1082",2024,41374,"Counties Manukau JUN","Women's Other"
"1083",2024,39554,"CPS Professional Team","Women's Other"
"1084",2024,39565,"CQA Cycling Team","Women's Other"
"1085",2024,39350,"Crabbé-Dstny Juniors","Women's Other"
"1086",2024,39573,"CREF - TotalEnergies Juniors","Women's Other"
"1087",2024,39950,"Creuse Oxygène Guéret Juniors","Women's Other"
"1088",2024,39951,"CSCA Propreté 2000 Junior","Women's Other"
"1089",2024,39952,"CSM Clamart U19","Women's Other"
"1090",2024,39953,"CT Luc Wallays-Jonge Renners","Women's Other"
"1091",2024,39954,"Culture Vélo Look Racing Team U19","Women's Other"
"1092",2024,39957,"Cupra Galdakauto - Pan Menesa","Women's Other"
"1093",2024,39955,"Cycle Golbéen Junior","Women's Other"
"1094",2024,39956,"Cycle Poitevin U19","Women's Other"
"1095",2024,39958,"Cycling Club Hillerød","Women's Other"
"1096",2024,41373,"Cycling Southland -JUN","Women's Other"
"1097",2024,39959,"Cycling Team Junior Ciudad de Talavera","Women's Other"
"1098",2024,40056,"Cycling Team Nial Nizzoli Almo","Women's Other"
"1099",2024,39960,"Cyclisme Langueux Trégueux U19","Women's Other"
"1100",2024,39961,"CyS-Akademia Petra Sagana","Women's Other"
"1101",2024,39962,"De Dijlespurters V.V.Mechelen VZW","Women's Other"
"1102",2024,39963,"De La Uz","Women's Other"
"1103",2024,39436,"Decathlon AG2R La Mondiale U19 Team","Women's Other"
"1104",2024,39964,"Deka Riders Tea Bike Romagna","Women's Other"
"1105",2024,39965,"Diego Diez - Streambike","Women's Other"
"1106",2024,39967,"Dimaq","Women's Other"
"1107",2024,39968,"Disgarsa","Women's Other"
"1108",2024,39969,"DunasVale  Pereira&amp;Gago","Women's Other"
"1109",2024,39970,"E.C.Landerneau U19","Women's Other"
"1110",2024,39971,"E.C.Wallonie U19","Women's Other"
"1111",2024,39972,"EC Saint-Étienne Loire Junior","Women's Other"
"1112",2024,41104,"EchucaMoama Jr","Women's Other"
"1113",2024,39973,"EF Education-ONTO","Women's Other"
"1114",2024,39564,"EFC-L&amp;R-Van Mossel U19","Women's Other"
"1115",2024,39974,"Egurrola - Urdaibai","Women's Other"
"1116",2024,39975,"El Caserio-Valsay","Women's Other"
"1117",2024,39976,"El Nieto del Lobo - Nutriban","Women's Other"
"1118",2024,39578,"ElectroMercantil-Gr100","Women's Other"
"1119",2024,39977,"Emico-Erbi","Women's Other"
"1120",2024,39978,"Energy Team A.s.d.","Women's Other"
"1121",2024,40695,"Entente Corrèze Juniors","Women's Other"
"1122",2024,39979,"Equipo Ciclista Fenavin - Turismo Ciudad","Women's Other"
"1123",2024,39980,"Escola de Ciclismo Bruno Neves","Women's Other"
"1124",2024,39981,"Esetec-Salazones Ricardo Fuentes U19","Women's Other"
"1125",2024,39982,"Esperia Piasco","Women's Other"
"1126",2024,39983,"F2 INFORMATICA - S.C. Amorebieta","Women's Other"
"1127",2024,39984,"Fana IL Sykkel Juniors","Women's Other"
"1128",2024,39592,"Fensham Howes Junior Race Team","Women's Other"
"1129",2024,39985,"Finques Feliu CT","Women's Other"
"1130",2024,41194,"Fishernans Friends Junior","Women's Other"
"1131",2024,39986,"FlandersColor-Galloo Team","Women's Other"
"1132",2024,39987,"Flandres Love - Sportland","Women's Other"
"1133",2024,39988,"G.C Feralpi Group ASD","Women's Other"
"1134",2024,39989,"G.S Bareggese ASD","Women's Other"
"1135",2024,39990,"G.S. Fiumicello 1971","Women's Other"
"1136",2024,39991,"G.s. Forno Pioppi","Women's Other"
"1137",2024,39992,"G.S. Giovanni Brunero","Women's Other"
"1138",2024,39993,"G.s. Massi - Supermercati","Women's Other"
"1139",2024,39549,"G.S. Stabbia Ciclismo","Women's Other"
"1140",2024,39994,"Gastronomiabaska-Liftra-Rosmil","Women's Other"
"1141",2024,39995,"Gaverzicht Be Okay-Van Mossel","Women's Other"
"1142",2024,39996,"Gaz Elec Douai Junior","Women's Other"
"1143",2024,39604,"GB Junior Team - Pool Cantu","Women's Other"
"1144",2024,41098,"Geelong CC Jr","Women's Other"
"1145",2024,41191,"Gemburi Junior","Women's Other"
"1146",2024,39768,"General System","Women's Other"
"1147",2024,39997,"Gepla-Watersley R+D Road Team","Women's Other"
"1148",2024,39998,"Giovani Giussanesi","Women's Other"
"1149",2024,39999,"Give Cykelklub","Women's Other"
"1150",2024,41095,"Gladstone CC-Jr","Women's Other"
"1151",2024,39588,"Glåmdal SK Junior","Women's Other"
"1152",2024,41096,"Gold Coast CC Jr","Women's Other"
"1153",2024,40000,"Gottardo Giochi Caneva","Women's Other"
"1154",2024,40001,"GRC Jan Van Arckel U19","Women's Other"
"1155",2024,40002,"Grenland SK Junior","Women's Other"
"1156",2024,40003,"Grenoble Métropole Cyclisme 38 Junior","Women's Other"
"1157",2024,40230,"Groupama-FDJ Conti Juniors","Women's Other"
"1158",2024,40302,"Groupama-FDJ U19","Women's Other"
"1159",2024,40004,"Grupo Eleyco-Iturribero","Women's Other"
"1160",2024,40005,"GSC Blagnac Velo Sport 31 U19","Women's Other"
"1161",2024,40006,"GSport+Vatios","Women's Other"
"1162",2024,40007,"Guidon Chalettois U19","Women's Other"
"1163",2024,40008,"Guijarro - Sporting Pursuits","Women's Other"
"1164",2024,40009,"Gulp Pool Val Vibrata","Women's Other"
"1165",2024,41126,"Hawthorn CC Jr.","Women's Other"
"1166",2024,39544,"Hexagone-Corbas Lyon Métropole Juniors","Women's Other"
"1167",2024,39597,"Hot Tubes Cycling","Women's Other"
"1168",2024,40010,"Huesca la Magia Juniors","Women's Other"
"1169",2024,40011,"Ignite Junior Cycling","Women's Other"
"1170",2024,41114,"Illawara CC Jr","Women's Other"
"1171",2024,40012,"Innovation Racing","Women's Other"
"1172",2024,40014,"Iruki - Donostialdea Bizikletan","Women's Other"
"1173",2024,40015,"Isidoro San Justo","Women's Other"
"1174",2024,40016,"Isorex Cycling Team","Women's Other"
"1175",2024,40017,"Italia Nuova Borgo Panigale","Women's Other"
"1176",2024,41353,"Jc231 Junior","Women's Other"
"1177",2024,39596,"Jegg-DJR Academy U19","Women's Other"
"1178",2024,40018,"Jonge Rakkers Vollezele U19","Women's Other"
"1179",2024,40019,"Junioren Schwalbe Team Sachsen","Women's Other"
"1180",2024,40780,"Jura Cyclisme Junior","Women's Other"
"1181",2024,40020,"Jönköpings CK U19","Women's Other"
"1182",2024,40021,"Kelly Benefit Strategies U19","Women's Other"
"1183",2024,41125,"Kilkenny CC Jr","Women's Other"
"1184",2024,40022,"KJC FEO Team U19","Women's Other"
"1185",2024,40023,"KK Kranj U19","Women's Other"
"1186",2024,40024,"Kobanya Cycling Team","Women's Other"
"1187",2024,40025,"Kolarski Klub Sportowy Go","Women's Other"
"1188",2024,40026,"Kristiansands CK Junior","Women's Other"
"1189",2024,40027,"KS Deichmann SKSM","Women's Other"
"1190",2024,40028,"KVC Noordzeemeeuw U19","Women's Other"
"1191",2024,39566,"KZLWC- Davo","Women's Other"
"1192",2024,39857,"La Motte-Servolex Cyclisme U19","Women's Other"
"1193",2024,40078,"La Roche Vendée Cyclisme U19","Women's Other"
"1194",2024,40029,"Landeiro | KTM | ACR Roriz Cycling Academy","Women's Other"
"1195",2024,40863,"Launceston City C.C. Jr.","Women's Other"
"1196",2024,41117,"Launceston MBC Jr","Women's Other"
"1197",2024,40030,"Laval Cyclisme 53 Junior","Women's Other"
"1198",2024,40031,"Lawi Junior Team","Women's Other"
"1199",2024,40032,"Le Mans Sarthe Vélo","Women's Other"
"1200",2024,40033,"Lee Valley Youth CC","Women's Other"
"1201",2024,41193,"Lenso CC Junior","Women's Other"
"1202",2024,40034,"Lepelley Electricité U19","Women's Other"
"1203",2024,40035,"Les Sables Vendée Cyclisme U19","Women's Other"
"1204",2024,40036,"Lillehammer CK Junior","Women's Other"
"1205",2024,40037,"Limousin-Oriako","Women's Other"
"1206",2024,40175,"Linas-Montlhéry Cycling Team","Women's Other"
"1207",2024,40038,"Litubel Parket - Chauffage Vanbrabant","Women's Other"
"1208",2024,40039,"Loiumat-P.G","Women's Other"
"1209",2024,39734,"LotuSteam U19","Women's Other"
"1210",2024,40040,"Louriña Cycling Team","Women's Other"
"1211",2024,39586,"Lucta-Granja Rinya Team","Women's Other"
"1212",2024,40041,"LV Baden","Women's Other"
"1213",2024,40042,"LV Brandenburg","Women's Other"
"1214",2024,40043,"Maderas Fores-Hiper Europa U19","Women's Other"
"1215",2024,41355,"Madinina Bikers-JR","Women's Other"
"1216",2024,40044,"Madone Racing Team","Women's Other"
"1217",2024,39563,"Maes CT Glabbeek","Women's Other"
"1218",2024,39932,"Maguisa Guijuelo","Women's Other"
"1219",2024,41100,"Malny Warringah CC Jr","Women's Other"
"1220",2024,40045,"Mapei Merida Kankovsky","Women's Other"
"1221",2024,40046,"Matos-Cheirinhos - Vila Galé - Etopi","Women's Other"
"1222",2024,40048,"Medisept Mayday Team U19","Women's Other"
"1223",2024,39601,"Merida Tifosi Adelaar Development Team","Women's Other"
"1224",2024,41118,"Mersey MBC","Women's Other"
"1225",2024,41097,"Midland CC Jr","Women's Other"
"1226",2024,40049,"Mimosa Sprint Mandelieu U19","Women's Other"
"1227",2024,39579,"MMR Cycling Academy","Women's Other"
"1228",2024,40050,"Molde CK Junior","Women's Other"
"1229",2024,40051,"Morbihan Finistere Sud Cyclisme","Women's Other"
"1230",2024,40052,"Multihogar Cantabria","Women's Other"
"1231",2024,40053,"Mundimat  SGR Ambiente  CCA Paio Pires","Women's Other"
"1232",2024,40054,"Murias - Arratia","Women's Other"
"1233",2024,41105,"Neo CC Jr","Women's Other"
"1234",2024,40055,"Nice Métropole Côte d'Azur U19","Women's Other"
"1235",2024,39204,"Nordest Angelo Gomme Villadose","Women's Other"
"1236",2024,40057,"Nordhordland SK Junior","Women's Other"
"1237",2024,41113,"Northern Sydney Cycling Club Jr","Women's Other"
"1238",2024,41094,"Norwood C.C. Jr","Women's Other"
"1239",2024,41103,"Nowra Velo Club Jr","Women's Other"
"1240",2024,40058,"OC Locminé","Women's Other"
"1241",2024,40059,"OC Val d'Oise U19","Women's Other"
"1242",2024,39587,"Occitane CF U19","Women's Other"
"1243",2024,40234,"OLC Development Team","Women's Other"
"1244",2024,40060,"Olympique Club Cycliste Cessonnais U19","Women's Other"
"1245",2024,40061,"Olympique Grande-Synthe U19","Women's Other"
"1246",2024,40062,"Olympique Hesdin Marconne Junior","Women's Other"
"1247",2024,40063,"Ondarroa Aurrera","Women's Other"
"1248",2024,40064,"Ordrup CK U19","Women's Other"
"1249",2024,41357,"P.O.Josephine-JR","Women's Other"
"1250",2024,40065,"Paredes  Fortunna","Women's Other"
"1251",2024,39553,"Pedale Casalese Armofer","Women's Other"
"1252",2024,40066,"Pedale Scaligero U19","Women's Other"
"1253",2024,41116,"Peel District CC Jr","Women's Other"
"1254",2024,40067,"Penya Ciclista Baix Ebre","Women's Other"
"1255",2024,40068,"Perutnina Ptuj Juniors","Women's Other"
"1256",2024,40610,"Picusa Academy","Women's Other"
"1257",2024,40069,"Pogi Team","Women's Other"
"1258",2024,39547,"Polisportiva Monsummanese","Women's Other"
"1259",2024,39805,"Polti-KOMETA U19","Women's Other"
"1260",2024,41101,"Port Adelaide CC Jr","Women's Other"
"1261",2024,40070,"Postumia 73 Dino Liviero","Women's Other"
"1262",2024,40071,"Prologue Racing Team","Women's Other"
"1263",2024,40072,"PSF Niort Junior","Women's Other"
"1264",2024,40073,"Quesos Albeniz","Women's Other"
"1265",2024,40074,"Quesos La Peral","Women's Other"
"1266",2024,41119,"Randwick CC Jr","Women's Other"
"1267",2024,39581,"Recambios Callejo","Women's Other"
"1268",2024,40075,"Rexonix Kovo Praha","Women's Other"
"1269",2024,40076,"Ringerike SK Junior","Women's Other"
"1270",2024,40077,"Robert Innova","Women's Other"
"1271",2024,39591,"Roman Kreuziger Cycling Academy","Women's Other"
"1272",2024,39574,"Rose Team NRW","Women's Other"
"1273",2024,40079,"Royal Cureghem Sportief U19","Women's Other"
"1274",2024,40080,"RRK Group-Pierre Baguette Junior","Women's Other"
"1275",2024,40081,"RSC Cottbus","Women's Other"
"1276",2024,39562,"Rudyco Cycling Team","Women's Other"
"1277",2024,40082,"S.C Monteponi ACD","Women's Other"
"1278",2024,40083,"S.C Pedale Chiaravallese","Women's Other"
"1279",2024,40084,"S.C Romanese Cycling Team","Women's Other"
"1280",2024,40085,"S.c. Fagnano Nuova","Women's Other"
"1281",2024,40086,"S.c.d. Sidermec - F.lli Vitali","Women's Other"
"1282",2024,40087,"Sakana Group - ALEA","Women's Other"
"1283",2024,40088,"Sandnes SK Junior","Women's Other"
"1284",2024,39552,"Sandrigo Bike Sport Team","Women's Other"
"1285",2024,39585,"Sanse","Women's Other"
"1286",2024,40089,"Santa Maria da Feira - Segmento d´Época U19","Women's Other"
"1287",2024,40090,"Saxun-Extrusax-Primoti","Women's Other"
"1288",2024,40091,"SC Padovani","Women's Other"
"1289",2024,40092,"SCO Cyclisme Angers Junior","Women's Other"
"1290",2024,40093,"SCO Dijon-Team Material-velo.com U19","Women's Other"
"1291",2024,41121,"Seymour Broadford CC Jr","Women's Other"
"1292",2024,39729,"Shibden Hope Tech Apex Team","Women's Other"
"1293",2024,40094,"Silva &amp; Vinha - ADRAP - Sentir Penafiel","Women's Other"
"1294",2024,40095,"SK Rye Sykkel Junior","Women's Other"
"1295",2024,40096,"SMS Swidnica","Women's Other"
"1296",2024,40097,"SMS Torun","Women's Other"
"1297",2024,40098,"Societa Ciclistica Valeggio","Women's Other"
"1298",2024,39603,"Spokes Racing Team U19","Women's Other"
"1299",2024,40099,"Sport en Moedig Genk U19","Women's Other"
"1300",2024,40100,"Sport en Steun-Leopoldsburg U19","Women's Other"
"1301",2024,39559,"Sprint 2000 Charleroi","Women's Other"
"1302",2024,40101,"Stade Montois Cyclisme U19","Women's Other"
"1303",2024,40102,"Stade Toulousain Cyclisme Académie","Women's Other"
"1304",2024,40103,"Starbikes - Bert Containers","Women's Other"
"1305",2024,40104,"Start Junior Cycling Team","Women's Other"
"1306",2024,40105,"Stavanger SK Junior","Women's Other"
"1307",2024,40106,"Stevens Junior Team Thüringen","Women's Other"
"1308",2024,39595,"Streetjump-ABLOC","Women's Other"
"1309",2024,39584,"Sumelec - Ermitagaña","Women's Other"
"1310",2024,41099,"Sunshine Coast Jr","Women's Other"
"1311",2024,39582,"Svealand Cycling Team U19","Women's Other"
"1312",2024,40107,"Tallares Dilla- Lancor","Women's Other"
"1313",2024,41375,"Te Awanutu Sports CC- JUN","Women's Other"
"1314",2024,40108,"Team 24 Formation Juniors","Women's Other"
"1315",2024,40109,"Team 31 Jolly Cycles U19","Women's Other"
"1316",2024,40110,"Team AGS","Women's Other"
"1317",2024,40111,"Team Assali Stefen Makro Labelling","Women's Other"
"1318",2024,40112,"Team Avesnois Junior","Women's Other"
"1319",2024,39571,"Team Bach Advokater CEC Junior","Women's Other"
"1320",2024,40113,"Team Biesse Carrera Juniors","Women's Other"
"1321",2024,40114,"Team Bikesports Ford Nicolas","Women's Other"
"1322",2024,40115,"Team Chernomoretz - Omega","Women's Other"
"1323",2024,40116,"Team CIC UC Nantes - Atlantique U19","Women's Other"
"1324",2024,39557,"Team Coratti","Women's Other"
"1325",2024,40118,"Team Côte de Granit Rose Junior","Women's Other"
"1326",2024,40117,"Team Crazy Wheels","Women's Other"
"1327",2024,40119,"Team Dukla Praha Juniors","Women's Other"
"1328",2024,39504,"Team ECOTEK","Women's Other"
"1329",2024,41354,"Team Energizer-Jr","Women's Other"
"1330",2024,40120,"Team Farto-BTC U19","Women's Other"
"1331",2024,40121,"Team Fortebraccio Toscana","Women's Other"
"1332",2024,39434,"Team Franco Ballerini Juniors","Women's Other"
"1333",2024,38750,"Team Fratelli Giorgi","Women's Other"
"1334",2024,40122,"Team Geo-Therm Carbonbike U19","Women's Other"
"1335",2024,39512,"Team GRENKE - Auto Eder","Women's Other"
"1336",2024,39589,"Team Grupo Serman","Women's Other"
"1337",2024,40123,"Team Herning CK Junior","Women's Other"
"1338",2024,40124,"Team Inca Juniors","Women's Other"
"1339",2024,40125,"Team Innobike-Bayern","Women's Other"
"1340",2024,40126,"Team Iparralde U19","Women's Other"
"1341",2024,40127,"Team Kempen U19","Women's Other"
"1342",2024,40128,"Team Marco Brenner","Women's Other"
"1343",2024,39570,"Team Mascot Workwear","Women's Other"
"1344",2024,40129,"Team Mayenne Junior","Women's Other"
"1345",2024,40803,"Team MBH Bank Colpack Ballan Juniors","Women's Other"
"1346",2024,40130,"Team Nibali","Women's Other"
"1347",2024,40131,"Team Oxygene Ploudal Portsall","Women's Other"
"1348",2024,40132,"Team Pays de Dinan U19","Women's Other"
"1349",2024,39556,"Team Pieri","Women's Other"
"1350",2024,40731,"Team Rytger","Women's Other"
"1351",2024,40133,"Team Sarthe Juniors","Women's Other"
"1352",2024,40134,"Team Scap","Women's Other"
"1353",2024,40135,"Team Sistecredito-GW Juniors","Women's Other"
"1354",2024,40136,"Team Sparekassen Danmark Talent","Women's Other"
"1355",2024,40137,"Team Spercenigo","Women's Other"
"1356",2024,40138,"Team Sportbreizh Armor-Lux U19","Women's Other"
"1357",2024,40139,"Team Stadler Niedersachsen","Women's Other"
"1358",2024,40140,"Team Tiepolo Udine","Women's Other"
"1359",2024,40141,"Team Torrent Cycling","Women's Other"
"1360",2024,40378,"Team U Charente-Maritime Juniors","Women's Other"
"1361",2024,39669,"Team U LH Juniors","Women's Other"
"1362",2024,40730,"Team U19 Orne","Women's Other"
"1363",2024,40142,"Team UnipolGlass","Women's Other"
"1364",2024,39491,"Team Uno-X - Carl Ras Roskilde Junior","Women's Other"
"1365",2024,40143,"Team USC Goyave Junior","Women's Other"
"1366",2024,40145,"Team Utmost IOM","Women's Other"
"1367",2024,40146,"Team VIFRA Kvickly Odder","Women's Other"
"1368",2024,40147,"Team Vino Junior","Women's Other"
"1369",2024,40148,"Team Wipotec RLP","Women's Other"
"1370",2024,40149,"Team Zealand Cycling - Kuehne+Nagel","Women's Other"
"1371",2024,40150,"Tensai - Sambiental - Santa Marta","Women's Other"
"1372",2024,40151,"The Cycling Academy U19","Women's Other"
"1373",2024,39594,"Tofauti Everyone Active","Women's Other"
"1374",2024,40152,"Tot Net-Terrassa Ciclisme","Women's Other"
"1375",2024,40153,"trainSharp Development team","Women's Other"
"1376",2024,40969,"Travel&amp;Service Cycling Team – 3B Academ","Women's Other"
"1377",2024,39590,"Trebujena Academia Juanjo Lobato","Women's Other"
"1378",2024,40154,"Tscherning Cycling Academy","Women's Other"
"1379",2024,40155,"Tufo-Pardus Prostejov Juniors","Women's Other"
"1380",2024,40156,"TWC Pijnenburg","Women's Other"
"1381",2024,40157,"Tønsberg CK Junior","Women's Other"
"1382",2024,40160,"U.C Bustese Olonia ASD","Women's Other"
"1383",2024,40161,"U.C Foligno","Women's Other"
"1384",2024,40162,"U.C Guspini ASD","Women's Other"
"1385",2024,40164,"U.C. Casano","Women's Other"
"1386",2024,40165,"U.C.Cholet 49 Juniors","Women's Other"
"1387",2024,40166,"U.s. Biassono Asd","Women's Other"
"1388",2024,40167,"U.S. Montecorona","Women's Other"
"1389",2024,40168,"U.S. Pistoiese Juniors","Women's Other"
"1390",2024,40158,"U19 Cycling Project","Women's Other"
"1391",2024,39510,"U19 Indre Fenioux","Women's Other"
"1392",2024,40159,"U19 Vendée Piveteau Bois","Women's Other"
"1393",2024,40169,"UC Chateauroux Juniors","Women's Other"
"1394",2024,40170,"UC Dippach","Women's Other"
"1395",2024,39599,"UC Haguenau Junior","Women's Other"
"1396",2024,40171,"UC Tilly Val de Seulles","Women's Other"
"1397",2024,40172,"Ulma","Women's Other"
"1398",2024,40173,"União Ciclismo da Trofa-UCT","Women's Other"
"1399",2024,40174,"Us Ausonia Csi Pescantina","Women's Other"
"1400",2024,40176,"US Pontchâtelaine","Women's Other"
"1401",2024,40177,"US Vern Cyclisme Junior","Women's Other"
"1402",2024,40178,"US Villenavaise","Women's Other"
"1403",2024,40179,"USSA Pavilly Barentin U19","Women's Other"
"1404",2024,40180,"UWTC de Volharding U19","Women's Other"
"1405",2024,40181,"V.C Cournon","Women's Other"
"1406",2024,40182,"V.C Riom","Women's Other"
"1407",2024,41356,"V.C.Francois-Jr","Women's Other"
"1408",2024,39856,"V.C.Pays de Loudéac U19","Women's Other"
"1409",2024,40183,"V.S.Valletais U19","Women's Other"
"1410",2024,40184,"Valdarno Regia Congressi Seiecom","Women's Other"
"1411",2024,40185,"Valverde Team | Ricardo Fuentes U19","Women's Other"
"1412",2024,39569,"Van Moer Logistics Cycling Team","Women's Other"
"1413",2024,40186,"Van Mossel Heist CT U19","Women's Other"
"1414",2024,39548,"Vangi Sama Ricambi Il Pirata","Women's Other"
"1415",2024,40187,"VC Ambérieu","Women's Other"
"1416",2024,40188,"VC Annemasse Junior","Women's Other"
"1417",2024,40189,"VC Bocage Vire Juniors","Women's Other"
"1418",2024,40716,"VC Essartais U19","Women's Other"
"1419",2024,39575,"VC La Pomme Marseille U19","Women's Other"
"1420",2024,40190,"VC Lugano","Women's Other"
"1421",2024,40191,"VC Saint-Lô Pont Hébert Junior","Women's Other"
"1422",2024,39608,"VC Villefranche Beaujolais Juniors","Women's Other"
"1423",2024,40192,"Veleka Team","Women's Other"
"1424",2024,40193,"Velo Club Anguillara","Women's Other"
"1425",2024,39795,"Velo Club Empoli Juniors","Women's Other"
"1426",2024,40194,"Veloce Vannetais U19","Women's Other"
"1427",2024,40195,"Vigo-Rias Baixas U19","Women's Other"
"1428",2024,41124,"Vikings CC Jr.","Women's Other"
"1429",2024,39613,"Vini Fantini-sportur-free Bike","Women's Other"
"1430",2024,40196,"Viveros San Anton-Mardu","Women's Other"
"1431",2024,40197,"Vizcay Hermanos C","Women's Other"
"1432",2024,40198,"Volvo Arregui-CYA-Hegotarrak","Women's Other"
"1433",2024,39602,"WAC Team","Women's Other"
"1434",2024,41123,"Wagga Wagga C.C Jr.","Women's Other"
"1435",2024,40199,"Wanty Cycling Team","Women's Other"
"1436",2024,40200,"Warszawski Klub Kolarski U19","Women's Other"
"1437",2024,40201,"WHEEL DEVILS Cycling Team","Women's Other"
"1438",2024,39568,"Wielerclub Onder Ons Parike","Women's Other"
"1439",2024,39572,"Willebrord Wil Vooruit Juniors","Women's Other"
"1440",2024,40202,"WK Noord West Brabant U19","Women's Other"
"1441",2024,40203,"WLKS Krakus U19","Women's Other"
"1442",2024,40204,"Work Service Cycling","Women's Other"
"1443",2024,40205,"WP de Molenspurters Meulebeke U19","Women's Other"
"1444",2024,39593,"WPG Amsterdam U19","Women's Other"
"1445",2024,40206,"WRSV-Holczer-Radsport-Team","Women's Other"
"1446",2024,40207,"WV de Ijsselstreek U19","Women's Other"
"1447",2024,39600,"WV Schijndel Juniors","Women's Other"
"1448",2024,39598,"WV Westland Wil Vooruit U19","Women's Other"
"1449",2024,40208,"Zappi Junior Race Team","Women's Other"
